subText_ID,Text_ID
W1AC16-I2PD18488,W1AC16
W1KG9772-I1KG9796,W1KG9772
W1PD105855-I1PD105857,W1PD105855
W3CN7099-I3CN7119,W3CN7099
W3CN7099-I3CN7115,W3CN7099
W20571-I1PD30392,W20571
W2PD19889-I2PD20535,W2PD19889
W3CN3408-I3CN4469,W3CN3408
W4CZ294459-I4CZ294591,W4CZ294459
W1KG22024-I1KG22305,W1KG22024
W1KG21600-I1KG21727,W1KG21600
W1GS44552-I1GS44556,W1GS44552
W3CN4350-I3CN4558,W3CN4350
W1KG23598-I1KG23637,W1KG23598
W3CN5057-I3CN5059,W3CN5057
W29666-5553,W29666
W22008-I1KG14887,W22008
W2PD19901-I2PD20730,W2PD19901
W3CN5081-I3CN5083,W3CN5081
W20146-I1GS55151,W20146
W1KG13770-I1KG15221,W1KG13770
W1KG17212-I1KG17633,W1KG17212
W1KG17218-I1KG17903,W1KG17218
W3CN5144-I3CN5146,W3CN5144
W8LS19123-I8LS19125,W8LS19123
W1PD179846-I1KG16282,W1PD179846
W1KG6159-I1KG8915,W1KG6159
W3CN5243-I3CN5245,W3CN5243
W3CN5357-I3CN5359,W3CN5357
W8LS20620-I8LS20622,W8LS20620
W1KG23647-I1KG23682,W1KG23647
W3CN2191-I3CN2193,W3CN2191
W8LS18091-I8LS18122,W8LS18091
W3CN5291-I3CN5293,W3CN5291
W3CN4314-I3CN8548,W3CN4314
W8LS18148-I8LS18171,W8LS18148
W3CN5414-I3CN5416,W3CN5414
W1KG17214-I1KG17642,W1KG17214
W1KG23601-I1KG23643,W1KG23601
W21618-I1KG22773,W21618
W3CN561-I3CN4031,W3CN561
W1KG24995-I1KG24997,W1KG24995
W3CN4666-I3CN4668,W3CN4666
W3CN4681-I3CN4683,W3CN4681
W1KG8475-I1KG8513,W1KG8475
W21945-I1KG23328,W21945
W1KG18535-I1KG18555,W1KG18535
W3CN8018-I3CN8020,W3CN8018
W1KG22235-I1KG22291,W1KG22235
W3CN2397-I3CN2399,W3CN2397
W20171-I1GS55147,W20171
W1KG13794-I1KG15377,W1KG13794
W1KG23850-I1KG24063,W1KG23850
W22025-I1KG21814,W22025
W3CN5234-I3CN5236,W3CN5234
W00KG02743-I00KG02775,W00KG02743
W12486-I1KG23692,W12486
W1KG24977-I1KG24982,W1KG24977
W8LS17977-I8LS17988,W8LS17977
W1KG24977-I1KG24985,W1KG24977
W2PD17646-I2PD19253,W2PD17646
W15232-I1GS65490,W15232
W1KG11869-I1KG18520,W1KG11869
W1KG16586-I2PD18747,W1KG16586
W1KG21753-I1KG21835,W1KG21753
W1KG22186-I1KG22228,W1KG22186
W1PD89024-I1KG17053,W1PD89024
W21595-4709,W21595
W2PD19887-I2PD20549,W2PD19887
W30517-I1KG21729,W30517
W3CN6685-I3CN6687,W3CN6685
W1KG18532-I1KG18551,W1KG18532
W1KG9608-I1KG9613,W1KG9608
W3CN5180-I3CN5182,W3CN5180
W1KG13785-I1KG15348,W1KG13785
W1KG14784-I1KG14883,W1KG14784
W1KG21821-I1KG21901,W1KG21821
W1KG16599-I1KG16617,W1KG16599
W1KG24977-I1KG24980,W1KG24977
W3CN521-I3CN8483,W3CN521
W8LS20239-I8LS20241,W8LS20239
W1KG23669-I1KG23694,W1KG23669
W29152-I1KG14837,W29152
W3CN5063-I3CN5065,W3CN5063
W3CN5273-I3CN5275,W3CN5273
W3CN5390-I3CN5392,W3CN5390
W2PD19374-I2PD19376,W2PD19374
W1KG24847-I1KG24849,W1KG24847
W3CN2116-I3CN2118,W3CN2116
W3CN4278-I3CN4302,W3CN4278
W3CN4945-I3CN4947,W3CN4945
W1KG15846-I1KG15848,W1KG15846
W3CN5387-I3CN5389,W3CN5387
W3CN8015-I3CN8017,W3CN8015
W1KG24977-I1KG24979,W1KG24977
W2PD19386-I2PD19912,W2PD19386
W22359-I00KG010132,W22359
W1KG23490-I1KG23536,W1KG23490
W1KG24019-I1KG24079,W1KG24019
W1PD88977-I1KG17051,W1PD88977
W21767-I1KG14891,W21767
W1KG17599-I1KG17989,W1KG17599
W1KG8464-I1KG8503,W1KG8464
W20172-I1KG23336,W20172
W3CN530-I3CN8635,W3CN530
W00KG03598-I00KG03616,W00KG03598
W1KG12625-I1KG15013,W1KG12625
W1KG15995-I1KG16202,W1KG15995
W1KG25171-I1KG25173,W1KG25171
W1KG18533-I1KG18560,W1KG18533
W21782-I1KG23247,W21782
W1KG15849-I1KG15851,W1KG15849
W1KG18573-I1KG20846,W1KG18573
W21686-I1KG13083,W21686
W21804-I1KG22771,W21804
W3CN5078-I3CN5080,W3CN5078
W3CN6849-I3CN6851,W3CN6849
W1KG13781-I1KG15281,W1KG13781
W1KG18530-I1KG18547,W1KG18530
W1KG24057-I1KG24209,W1KG24057
W30474-I1KG23324,W30474
W21586-I1KG21881,W21586
W23663-I1KG22779,W23663
W29263-I1KG23202,W29263
W3CN5111-I3CN5113,W3CN5111
W3CN6609-I3CN6611,W3CN6609
W3CN3425-I3CN7766,W3CN3425
W1KG18573-I1KG18667,W1KG18573
W3CN4738-I3CN4740,W3CN4738
W20520-I00KG06690,W20520
W1KG14491-I1KG14839,W1KG14491
W1KG21595-I1KG21689,W1KG21595
W1KG23421-I1KG23496,W1KG23421
W20095-I1KG17305,W20095
W20221-I1KG23278,W20221
W30518-I1KG21739,W30518
W3CN5072-I3CN5074,W3CN5072
W18124-I1KG23839,W18124
W1KG26107-I1KG26335,W1KG26107
W25144-I1KG23322,W25144
W2PD17649-I2PD19545,W2PD17649
W3CN5468-I3CN5471,W3CN5468
W3CN5177-I3CN5179,W3CN5177
W1KG15365-I1KG15391,W1KG15365
W1KG17607-I1KG17922,W1KG17607
W1KG24977-I1KG24981,W1KG24977
W3CN8390-I3CN8392,W3CN8390
W3CN4273-I3CN4292,W3CN4273
W24827-I1KG23206,W24827
W30525-I1KG16922,W30525
W3CN5168-I3CN5170,W3CN5168
W3CN540-I3CN3782,W3CN540
W8LS20730-I8LS20737,W8LS20730
W3PD430-I2PD17816,W3PD430
W1KG14132-I1KG14321,W1KG14132
W1KG22001-I1KG22080,W1KG22001
W1PD159451-I4PD4571,W1PD159451
W3CN4336-I3CN4586,W3CN4336
W3CN6594-I3CN6596,W3CN6594
W3CN6900-I3CN6902,W3CN6900
W3CN7099-I3CN7109,W3CN7099
W1KG8317-I1KG8497,W1KG8317
W1PD159445-I2PD19680,W1PD159445
W20393-5688,W20393
W30419-I1KG23231,W30419
W3CN4982-I3CN4984,W3CN4982
W1KG21291-I1KG21571,W1KG21291
W1PD159451-I4PD4570,W1PD159451
W20018-I1KG21763,W20018
W14130-I1PD5292,W14130
W1AC233-I2PD18830,W1AC233
W1AC426-I2PD18865,W1AC426
W1KG17605-I1KG17918,W1KG17605
W1KG6157-I1KG8407,W1KG6157
W1PD90704-I1PD90706,W1PD90704
W22071-I1KG18061,W22071
W4PD502-I4PD4092,W4PD502
W20433-I1GS53491,W20433
W1KG24101-I1KG24234,W1KG24101
W1KG24859-I1KG24861,W1KG24859
W1PD137889-I2PD18897,W1PD137889
W22097-I1KG24083,W22097
W23438-1937,W23438
W3CN4970-I3CN4972,W3CN4970
W1KG13792-I1KG15371,W1KG13792
W1KG16736-I1KG16780,W1KG16736
W525-I1KG18225,W525
W00KG02330-I00KG02350,W00KG02330
W1KG25009-I1KG25011,W1KG25009
W1PD90120-I1PD90135,W1PD90120
W21864-I1KG22958,W21864
W2PD17467-I4PD2925,W2PD17467
W2PD17467-I4PD2922,W2PD17467
W3CN5411-I3CN5413,W3CN5411
W1KG24618-I1KG24637,W1KG24618
W1KG25027-I1KG25029,W1KG25027
W1PD90126-I1PD90147,W1PD90126
W2PD17467-I4PD2917,W2PD17467
W3CN7913-I3CN7919,W3CN7913
W4PD502-I4PD4096,W4PD502
W1KG14749-I2PD18171,W1KG14749
W1KG17025-I1KG17063,W1KG17025
W1KG22269-I1KG22317,W1KG22269
W1KG6254-I1KG13599,W1KG6254
W1PD90124-I1PD90143,W1PD90124
W942-I1KG14819,W942
W20189-I1KG23218,W20189
W21997-4814,W21997
W1AC323-I2PD18673,W1AC323
W1AC34-I2PD18911,W1AC34
W1KG21818-I1KG21886,W1KG21818
W1PD90128-I1PD90151,W1PD90128
W21875-I1KG22925,W21875
W1KG25852-I1KG25854,W1KG25852
W29489-I1KG23004,W29489
W3CN4771-I3CN4773,W3CN4771
W3CN5429-I3CN5431,W3CN5429
W1AC333-I2PD18631,W1AC333
W1KG17421-I1KG18003,W1KG17421
W1PD159451-I4PD4566,W1PD159451
W3CN4744-I3CN4746,W3CN4744
W19999-I1PD86097,W19999
W1KG21837-I1KG21943,W1KG21837
W1KG23667-I1KG23774,W1KG23667
W21769-4870,W21769
W2PD19200-I2PD19213,W2PD19200
W2PD17467-I4PD2919,W2PD17467
W1KG17024-I1KG17061,W1KG17024
W1KG25228-I1KG25230,W1KG25228
W1KG1796-I1KG1862,W1KG1796
W1KG18574-I1KG18669,W1KG18574
W1KG26110-I1KG26340,W1KG26110
W2PD17467-I4PD2920,W2PD17467
W3CN5318-I3CN5320,W3CN5318
W00EGS1016982-I00EGS1016998,W00EGS1016982
W1KG15366-I1KG15393,W1KG15366
W1KG4520-I1KG4539,W1KG4520
W1PD159451-I4PD4565,W1PD159451
W3CN5532-I3CN5534,W3CN5532
W3PD398-I4PD3274,W3PD398
W1AC280-I2PD17818,W1AC280
W1KG13779-I1KG15277,W1KG13779
W1KG18537-I1KG18542,W1KG18537
W3CN5219-I3CN5221,W3CN5219
W3CN5330-I3CN5332,W3CN5330
W1AC240-I2PD18879,W1AC240
W1AC52-I2PD18926,W1AC52
W1AC55-I2PD18859,W1AC55
W1KG16581-I2PD18461,W1KG16581
W1PD137852-I2PD19648,W1PD137852
W1PD159451-I4PD4562,W1PD159451
W3CN5174-I3CN5176,W3CN5174
W1KG25180-I1KG25182,W1KG25180
W20464-4752,W20464
W3CN4594-I3CN4596,W3CN4594
W3CN5297-I3CN5299,W3CN5297
W8LS17499-I8LS17508,W8LS17499
W1PD159451-I4PD4569,W1PD159451
W2PD17467-I4PD2924,W2PD17467
W2PD19096-I2PD20282,W2PD19096
W3CN4636-I3CN4638,W3CN4636
W3CN5102-I3CN5104,W3CN5102
W3CN5568-I3CN5570,W3CN5568
W3PD398-I4PD3259,W3PD398
W3PD398-I4PD3280,W3PD398
W3CN4693-I3CN4695,W3CN4693
W1KG25377-I1KG25379,W1KG25377
W8LS20664-I8LS20666,W8LS20664
W1KG24218-I1KG24295,W1KG24218
W1PD105890-I1PD105892,W1PD105890
W3CN524-I3CN8626,W3CN524
W3CN5405-I3CN5407,W3CN5405
W3PD398-I4PD3266,W3PD398
W3PD398-I4PD3264,W3PD398
W4PD502-I4PD4114,W4PD502
W00EGS1017219-I00EGS1017221,W00EGS1017219
W15222-I1KG22763,W15222
W1KG14646-I1KG15706,W1KG14646
W22035-I1KG18057,W22035
W22076-I1KG18067,W22076
W2CZ8042-I1KG18827,W2CZ8042
W2DB4592-I1KG20937,W2DB4592
W2PD17467-I4PD2923,W2PD17467
W2PD19197-I2PD19207,W2PD19197
W3CN3374-I3CN3527,W3CN3374
W3PD355-I2PD18289,W3PD355
W3PD398-I4PD3272,W3PD398
W1AC466-I2PD18735,W1AC466
W1KG13813-I1KG15799,W1KG13813
W1KG24034-I1KG24182,W1KG24034
W21884-I1KG14895,W21884
W3CN4936-I3CN4938,W3CN4936
W3PD398-I4PD3267,W3PD398
W3CN7099-I3CN7107,W3CN7099
W18127-I1KG14919,W18127
W19999-I1PD86096,W19999
W3PD358-I4PD4682,W3PD358
W3MS838-I3MS840,W3MS838
W19999-I1PD86095,W19999
W1KG13012-I1KG13085,W1KG13012
W1KG22951-I1KG23018,W1KG22951
W1KG24357-I1KG24457,W1KG24357
W1PD152291-I2PD18419,W1PD152291
W3CN4844-I3CN4846,W3CN4844
W15269-I1KG5126,W15269
W1KG15471-I1KG16263,W1KG15471
W2PD16798-I2PD16802,W2PD16798
W3CN4307-I3CN4322,W3CN4307
W4PD502-I4PD4119,W4PD502
W3CN4687-I3CN4689,W3CN4687
W1KG15521-I1KG15841,W1KG15521
W20062-I1KG21604,W20062
W30106-I1KG13743,W30106
W3CN3345-I3CN3451,W3CN3345
W3CN7099-I3CN7101,W3CN7099
W1KG15471-I1KG16264,W1KG15471
W1KG16208-I1KG16237,W1KG16208
W1KG18563-I1KG18633,W1KG18563
W1KG21596-I1KG21691,W1KG21596
W1PD159451-I4PD4564,W1PD159451
W1PD90704-I1PD90708,W1PD90704
W22023-I1KG13532,W22023
W29144-I1KG17071,W29144
W3CN7829-I3CN7832,W3CN7829
W21863-5685,W21863
W00EGS1016937-I01JW217,W00EGS1016937
W1KG25219-I1KG25221,W1KG25219
W1PD90704-I1PD90709,W1PD90704
W29520-I1KG22703,W29520
W1KG15855-I1KG15919,W1KG15855
W1PD105852-I1PD105854,W1PD105852
W8LS18445-I8LS18447,W8LS18445
W8LS20677-I8LS20679,W8LS20677
W1PD159439-I2PD19670,W1PD159439
W3CN7054-I3CN7056,W3CN7054
W3PD405-I2PD18030,W3PD405
W1AC291-I2PD18849,W1AC291
W1AC35-I2PD18382,W1AC35
W1AC463-I2PD18380,W1AC463
W1AC28-I2PD18851,W1AC28
W1KG13981-I1KG13986,W1KG13981
W1KG21841-I1KG22015,W1KG21841
W1PD90704-I1PD90710,W1PD90704
W30422-I1KG23280,W30422
W3CN3391-I3CN4255,W3CN3391
W4PD502-I4PD4007,W4PD502
W1PD90704-I1PD90707,W1PD90704
W1AC364-I2PD17994,W1AC364
W1PD133151-I2PD19297,W1PD133151
W3CN4780-I3CN8691,W3CN4780
W3CN7099-I3CN7105,W3CN7099
W3CN5823-I3CN5830,W3CN5823
W1AC50-I2PD18743,W1AC50
W20106-I1KG18005,W20106
W22068-I1KG17259,W22068
W1KG23700-I1KG23787,W1KG23700
W30408-I1GS105508,W30408
W3CN525-I3CN8488,W3CN525
W1KG25246-I1KG25248,W1KG25246
W1PD137838-I2PD18305,W1PD137838
W8LS18472-I8LS18474,W8LS18472
W1KG25383-I1KG25385,W1KG25383
W1KG8471-I1KG8509,W1KG8471
W1PD105884-I1PD105886,W1PD105884
W3PD398-I4PD3273,W3PD398
W1KG16581-I2PD18464,W1KG16581
W18133-I1PD36385,W18133
W1KG15471-I1KG16266,W1KG15471
W1KG18189-I1KG18298,W1KG18189
W1KG23666-I1KG23735,W1KG23666
W20468-I1GS105496,W20468
W3CN7719-I3CN7726,W3CN7719
W1KG14738-I2PD18810,W1KG14738
W1KG16567-I2PD17883,W1KG16567
W322-I1KG16162,W322
W3CN4343-I3CN4572,W3CN4343
W3CN7991-I3CN7993,W3CN7991
W8LS20504-I8LS20506,W8LS20504
W1KG18169-I1KG18210,W1KG18169
W1KG23671-I1KG23778,W1KG23671
W21663-I1KG21894,W21663
W22151-I1PD28106,W22151
W4PD502-I4PD4118,W4PD502
W1KG23711-I1KG23811,W1KG23711
W1KG25168-I1KG25170,W1KG25168
W3PD398-I4PD3255,W3PD398
W4PD502-I4PD4111,W4PD502
W1KG14786-I1KG14823,W1KG14786
W1KG16945-I1KG18203,W1KG16945
W1KG18254-I1KG18300,W1KG18254
W1KG21756-I1KG21853,W1KG21756
W1KG24061-I1KG24227,W1KG24061
W2PD17614-I4PD4237,W2PD17614
W3CN6332-I3CN6334,W3CN6332
W3CN5417-I3CN5419,W3CN5417
W1KG22039-I1KG22082,W1KG22039
W21873-I1KG23233,W21873
W3CN3425-I3CN7751,W3CN3425
W3CN8387-I3CN8389,W3CN8387
W1AC362-I4PD4488,W1AC362
W1AC439-I2PD18828,W1AC439
W1KG23697-I1KG23780,W1KG23697
W1PD105878-I1PD105880,W1PD105878
W3CN7719-I3CN7727,W3CN7719
W1KG16652-I4PD2623,W1KG16652
W1KG21758-I1KG21859,W1KG21758
W3CN3408-I3CN4390,W3CN3408
W8LS20227-I8LS20229,W8LS20227
W00EGS1017328-I00EGS1017330,W00EGS1017328
W1KG18292-I1KG18418,W1KG18292
W1KG21829-I1KG21926,W1KG21829
W21765-I1KG21234,W21765
W3CN4341-I3CN4576,W3CN4341
W3CN8369-I3CN8371,W3CN8369
W4PD502-I4PD4022,W4PD502
W1KG16726-I1KG18288,W1KG16726
W1KG16928-I1KG17096,W1KG16928
W1KG24974-I1KG24976,W1KG24974
W3CN3397-I3CN8566,W3CN3397
W3CN4909-I3CN8669,W3CN4909
W1AC384-I2PD18235,W1AC384
W1KG23718-I1KG23861,W1KG23718
W26078-4413,W26078
W1KG24726-I1KG24728,W1KG24726
W19479-I1GS105458,W19479
W1KG24060-I1KG24225,W1KG24060
W1KG24106-I1KG24259,W1KG24106
W1KG25192-I1KG25194,W1KG25192
W20085-I1KG18040,W20085
W1KG23650-I1KG23727,W1KG23650
W11757-I1KG21868,W11757
W1KG16581-I2PD18463,W1KG16581
W1KG25300-I1KG25302,W1KG25300
W20166-I1KG16756,W20166
W3CN4774-I3CN4776,W3CN4774
W3CN8046-I3CN8409,W3CN8046
W3CN3408-I3CN4428,W3CN3408
W1AC327-I4PD4421,W1AC327
W1AC389-I2PD18245,W1AC389
W1KG13981-I1KG13985,W1KG13981
W1KG16655-I4PD2643,W1KG16655
W1KG16673-I2PD18156,W1KG16673
W1KG25213-I1KG25215,W1KG25213
W3PD398-I4PD3261,W3PD398
W3CN7099-I3CN7117,W3CN7099
W1KG25150-I1KG25152,W1KG25150
W3CN5823-I3CN5827,W3CN5823
W1KG14733-I2PD17899,W1KG14733
W1KG16556-I2PD18843,W1KG16556
W1KG16581-I2PD18456,W1KG16581
W1KG16652-I4PD2620,W1KG16652
W1KG17057-I1KG18472,W1KG17057
W1KG21757-I1KG21857,W1KG21757
W1KG22949-I1KG23014,W1KG22949
W1KG24648-I1KG24715,W1KG24648
W3CN5468-I3CN5470,W3CN5468
W3CN8036-I3CN8038,W3CN8036
W1AC381-I2PD18932,W1AC381
W1KG20781-I1KG20829,W1KG20781
W3CN4648-I3CN4650,W3CN4648
W3CN7920-I3CN7926,W3CN7920
W1AC309-I4PD2746,W1AC309
W1KG14815-I1KG14847,W1KG14815
W1KG16666-I4PD2672,W1KG16666
W1KG18170-I1KG18212,W1KG18170
W28832-I1PD28104,W28832
W3CN7099-I3CN7103,W3CN7099
W3CN7719-I3CN7728,W3CN7719
W2PD17467-I4PD2921,W2PD17467
W1AC282-I2PD18338,W1AC282
W1KG15471-I1KG16265,W1KG15471
W1KG21230-I1KG21305,W1KG21230
W1KG21273-I1KG21315,W1KG21273
W3CN3344-I3CN3448,W3CN3344
W3CN556-I3CN3981,W3CN556
W1KG24723-I1KG24725,W1KG24723
W3CN5481-I3CN5483,W3CN5481
W1AC414-I2PD18364,W1AC414
W1KG17210-I1KG17638,W1KG17210
W1KG18172-I1KG18216,W1KG18172
W1KG23851-I1KG24065,W1KG23851
W1PD152291-I2PD18409,W1PD152291
W2PD17467-I4PD2916,W2PD17467
W3PD246-I2PD18291,W3PD246
W4PD502-I4PD4005,W4PD502
W1KG16464-I1KG16470,W1KG16464
W1KG17281-I1KG17613,W1KG17281
W1KG21838-I1KG21950,W1KG21838
W1KG25195-I1KG25197,W1KG25195
W21943-I1GS54236,W21943
W3CN7910-I3CN7912,W3CN7910
W1KG16726-I1KG18289,W1KG16726
W1KG18765-I1KG20611,W1KG18765
W1KG20639-I1KG20759,W1KG20639
W1PD159451-I4PD4568,W1PD159451
W20829-I1KG24081,W20829
W22298-I1KG18065,W22298
W26078-4406,W26078
W30519-I1KG21795,W30519
W3CN3408-I3CN4443,W3CN3408
W3CN5823-I3CN5831,W3CN5823
W1KG13981-I1KG13988,W1KG13981
W1KG2170-I1KG2189,W1KG2170
W1PD133164-I2PD20423,W1PD133164
W21664-I1PD36393,W21664
W2PD19202-I2PD19217,W2PD19202
W3PD398-I4PD3263,W3PD398
W1AC232-I2PD17903,W1AC232
W1KG13780-I1KG15279,W1KG13780
W1KG16666-I4PD2673,W1KG16666
W1KG16666-I4PD2675,W1KG16666
W1KG23715-I1KG23855,W1KG23715
W1PD152291-I2PD18416,W1PD152291
W3CN4621-I3CN4623,W3CN4621
W3CN3408-I3CN4429,W3CN3408
W3CN5210-I3CN5212,W3CN5210
W1KG14780-I1KG14835,W1KG14780
W4PD502-I4PD3998,W4PD502
W4PD502-I4PD4014,W4PD502
W1KG13810-I1KG15785,W1KG13810
W1KG24016-I1KG24073,W1KG24016
W1KG24612-I1KG24625,W1KG24612
W3CN3417-I3CN4496,W3CN3417
W3CN3425-I3CN7760,W3CN3425
W3CN7719-I3CN7723,W3CN7719
W3CN7913-I3CN7916,W3CN7913
W1KG16714-I2PD18515,W1KG16714
W3CN5456-I3CN5458,W3CN5456
W3CN7920-I3CN7925,W3CN7920
W3PD398-I4PD3276,W3PD398
W3PD398-I4PD3279,W3PD398
W4PD502-I4PD4090,W4PD502
W1AC227-I2PD18725,W1AC227
W1AC309-I4PD2744,W1AC309
W1AC325-I2PD18336,W1AC325
W1AC36-I2PD18191,W1AC36
W1KG24018-I1KG24077,W1KG24018
W1PD137833-I4PD4213,W1PD137833
W29242-I1KG23298,W29242
W3PD406-I2PD18033,W3PD406
W4PD502-I4PD4009,W4PD502
W1KG15471-I1KG16262,W1KG15471
W1PD152291-I2PD18422,W1PD152291
W28969-I1KG22677,W28969
W3CN4346-I3CN4566,W3CN4346
W3CN5096-I3CN5098,W3CN5096
W3CN5441-I3CN5443,W3CN5441
W4PD502-I4PD4120,W4PD502
W4CZ30835-I4CZ30837,W4CZ30835
W1KG16666-I4PD2676,W1KG16666
W3CN5459-I3CN5461,W3CN5459
W1KG13160-I1KG13439,W1KG13160
W1KG14621-I1KG15631,W1KG14621
W1KG16213-I1KG16246,W1KG16213
W1KG16581-I2PD18457,W1KG16581
W1KG478-I1KG482,W1KG478
W1PD133164-I2PD20422,W1PD133164
W1PD133164-I2PD20416,W1PD133164
W1PD137817-I2PD19063,W1PD137817
W20193-I1KG23223,W20193
W25197-I1KG23068,W25197
W30429-I1KG22657,W30429
W3CN5138-I3CN5140,W3CN5138
W3PD398-I4PD3282,W3PD398
W8LS17499-I8LS17506,W8LS17499
W3CN8194-I3CN8196,W3CN8194
W00KG0547-I1KG16101,W00KG0547
W1KG16734-I1KG16775,W1KG16734
W1KG25086-I1KG25088,W1KG25086
W22061-4893,W22061
W29016-I1PD28110,W29016
W3CN7719-I3CN7730,W3CN7719
W1KG24814-I1KG24816,W1KG24814
W1PD133164-I2PD20419,W1PD133164
W29218-I1KG17971,W29218
W3CN5333-I3CN5335,W3CN5333
W3CN7920-I3CN7929,W3CN7920
W3PD398-I4PD3254,W3PD398
W4CZ30835-I4CZ30838,W4CZ30835
W4PD502-I4PD4094,W4PD502
W1AC415-I2PD18358,W1AC415
W1KG23739-I1KG24025,W1KG23739
W1KG4600-I1KG4610,W1KG4600
W1PD105875-I1PD105877,W1PD105875
W1PD133164-I2PD20420,W1PD133164
W3CN7099-I3CN7118,W3CN7099
W3CN7920-I3CN7927,W3CN7920
W4PD502-I4PD4012,W4PD502
W4PD502-I4PD4010,W4PD502
W1AC289-I2PD18301,W1AC289
W1KG16714-I2PD18513,W1KG16714
W1KG18536-I1KG18557,W1KG18536
W21687-I1KG22923,W21687
W2PD19122-I4PD4366,W2PD19122
W3CN7099-I3CN7108,W3CN7099
W3PD411-I2PD17828,W3PD411
W4PD502-I4PD4089,W4PD502
W1KG15977-I1KG15986,W1KG15977
W3CN8060-I3CN8064,W3CN8060
W3CN8060-I3CN8065,W3CN8060
W3PD408-I2PD18037,W3PD408
W4PD502-I4PD3978,W4PD502
W1KG14674-I1KG15758,W1KG14674
W1KG16666-I4PD2695,W1KG16666
W1KG16666-I4PD2684,W1KG16666
W1KG16666-I4PD2674,W1KG16666
W1PD152291-I2PD18410,W1PD152291
W1PD152291-I2PD18421,W1PD152291
W2831-I1KG14584,W2831
W3CN7719-I3CN7722,W3CN7719
W4PD502-I4PD3974,W4PD502
W4PD502-I4PD3979,W4PD502
W19997-I1GS44628,W19997
W3CN5823-I3CN5828,W3CN5823
W1AC309-I4PD2747,W1AC309
W1KG13981-I1KG13987,W1KG13981
W1KG16734-I1KG16776,W1KG16734
W26078-4417,W26078
W3CN5823-I3CN5832,W3CN5823
W3CN7920-I3CN7928,W3CN7920
W3PD398-I4PD3275,W3PD398
W3PD398-I4PD3278,W3PD398
W4PD502-I4PD3975,W4PD502
W00EGS1017555-I1KG15468,W00EGS1017555
W1AC309-I4PD2740,W1AC309
W1AC309-I4PD2741,W1AC309
W1AC364-I2PD17997,W1AC364
W1AC39-I2PD18861,W1AC39
W1KG25092-I1KG25094,W1KG25092
W1KG4884-I1KG4889,W1KG4884
W1PD152291-I2PD18417,W1PD152291
W1PD159423-I2PD19608,W1PD159423
W3CN542-I3CN3786,W3CN542
W3CN8036-I3CN8039,W3CN8036
W4PD502-I4PD3972,W4PD502
W00KG02764-I00KG09984,W00KG02764
W1AC309-I4PD2750,W1AC309
W1KG16666-I4PD2671,W1KG16666
W1KG16666-I4PD2697,W1KG16666
W1KG16714-I2PD18516,W1KG16714
W1KG24915-I1KG24923,W1KG24915
W3PD398-I4PD3268,W3PD398
W4PD502-I4PD3980,W4PD502
W1GS61550-I1GS61552,W1GS61550
W3CN3408-I3CN4440,W3CN3408
W3CN3408-I3CN4395,W3CN3408
W1AC218-I2PD18581,W1AC218
W1AC364-I2PD17992,W1AC364
W1KG13819-I1KG14935,W1KG13819
W1KG14136-I1KG14328,W1KG14136
W1KG16666-I4PD2691,W1KG16666
W1KG4884-I1KG4911,W1KG4884
W1PD133161-I4PD2803,W1PD133161
W22069-I1KG17273,W22069
W1AC223-I2PD18583,W1AC223
W1KG14735-I2PD17814,W1KG14735
W1KG16581-I2PD18460,W1KG16581
W2PD17467-I4PD2929,W2PD17467
W3CN5135-I3CN5137,W3CN5135
W4PD502-I4PD4110,W4PD502
W16484-I1KG13437,W16484
W1AC309-I4PD2754,W1AC309
W1KG15471-I1KG16259,W1KG15471
W1KG16133-I1KG16137,W1KG16133
W1KG24021-I1KG24098,W1KG24021
W1PD137798-I2PD18558,W1PD137798
W22056-I1KG17136,W22056
W3CN7719-I3CN7731,W3CN7719
W4PD502-I4PD4097,W4PD502
W1KG16666-I4PD2668,W1KG16666
W1KG25068-I1KG25070,W1KG25068
W1PD105861-I1PD105863,W1PD105861
W1PD152291-I2PD18418,W1PD152291
W26078-4412,W26078
W4PD502-I4PD4113,W4PD502
W1AC309-I4PD2749,W1AC309
W1AC309-I4PD2743,W1AC309
W1KG16203-I1KG16229,W1KG16203
W1KG16666-I4PD2689,W1KG16666
W1KG16666-I4PD2682,W1KG16666
W1KG16666-I4PD2670,W1KG16666
W1PD152291-I2PD18420,W1PD152291
W26078-4401,W26078
W3CN5823-I3CN5826,W3CN5823
W3CN7099-I3CN7116,W3CN7099
W3CN8060-I3CN8062,W3CN8060
W1KG13759-I1KG15429,W1KG13759
W1KG16666-I4PD2669,W1KG16666
W26078-4400,W26078
W3CN7920-I3CN7924,W3CN7920
W1AC309-I4PD2738,W1AC309
W1KG21830-I1KG21935,W1KG21830
W1PD133161-I4PD2804,W1PD133161
W3CN7719-I3CN7729,W3CN7719
W4PD502-I4PD4098,W4PD502
W18598-I1KG10018,W18598
W1KG16581-I2PD18462,W1KG16581
W1KG17114-I1KG17129,W1KG17114
W3CN3425-I3CN7761,W3CN3425
W4PD502-I4PD4079,W4PD502
W8LS17499-I8LS17507,W8LS17499
W24575-4210,W24575
W1AC20-I2PD18430,W1AC20
W1KG16203-I1KG16228,W1KG16203
W1KG17175-I1KG18042,W1KG17175
W1KG24915-I1KG24917,W1KG24915
W1KG24915-I1KG24918,W1KG24915
W1KG4884-I1KG4894,W1KG4884
W1PD137798-I2PD18556,W1PD137798
W1PD152284-I2PD18999,W1PD152284
W3CN7829-I3CN7833,W3CN7829
W3CN7913-I3CN7918,W3CN7913
W4PD502-I4PD4006,W4PD502
W1KG15383-I1KG15396,W1KG15383
W1KG25122-I1KG25124,W1KG25122
W3CN3417-I3CN4501,W3CN3417
W3CN6348-I3CN6350,W3CN6348
W3CN8057-I3CN8059,W3CN8057
W3PD416-I4PD4686,W3PD416
W1KG25599-I1KG25601,W1KG25599
W1PD137838-I2PD18306,W1PD137838
W1AC16-I2PD18495,W1AC16
W1KG14136-I1KG14327,W1KG14136
W1KG15036-I1KG15049,W1KG15036
W1KG16672-I4PD3932,W1KG16672
W1PD133161-I4PD2805,W1PD133161
W20114-I1KG22765,W20114
W26078-4420,W26078
W30416-I1PD28133,W30416
W4PD502-I4PD4086,W4PD502
W8LS18982-I8LS18984,W8LS18982
W1AC339-I4PD4482,W1AC339
W1KG14505-I1KG15206,W1KG14505
W1KG14736-I2PD17907,W1KG14736
W1KG16666-I4PD2692,W1KG16666
W1KG24104-I1KG24255,W1KG24104
W1KG8579-I1KG8591,W1KG8579
W21690-4864,W21690
W24589-I1PD28135,W24589
W3CN3372-I3CN3523,W3CN3372
W3CN4339-I3CN4580,W3CN4339
W3CN7920-I3CN7923,W3CN7920
W4PD502-I4PD4095,W4PD502
W1AC309-I4PD2753,W1AC309
W1AC364-I2PD17993,W1AC364
W1AC374-I4PD2735,W1AC374
W1AC374-I4PD2724,W1AC374
W1KG16655-I4PD2656,W1KG16655
W1KG16655-I4PD2658,W1KG16655
W1KG16666-I4PD2690,W1KG16666
W1KG16666-I4PD2680,W1KG16666
W1KG16666-I4PD2679,W1KG16666
W1KG4884-I1KG4895,W1KG4884
W1PD133164-I2PD20418,W1PD133164
W3CN5423-I3CN5425,W3CN5423
W3PD234-I4PD4630,W3PD234
W8LS19186-I8LS19188,W8LS19186
W1KG9771-I1KG9787,W1KG9771
W1PD133164-I2PD20417,W1PD133164
W3CN3408-I3CN4447,W3CN3408
W3CN4275-I3CN4296,W3CN4275
W3CN7829-I3CN7837,W3CN7829
W4PD502-I4PD3996,W4PD502
W3CN3408-I3CN4422,W3CN3408
W3CN3408-I3CN4403,W3CN3408
W1AC448-I2PD18372,W1AC448
W1KG16652-I4PD2604,W1KG16652
W1PD107937-I1PD107945,W1PD107937
W1PD137798-I2PD18554,W1PD137798
W20134-I1KG22915,W20134
W29523-I1KG22697,W29523
W4PD502-I4PD4062,W4PD502
W4PD502-I4PD4055,W4PD502
W1AC309-I4PD2748,W1AC309
W1AC368-I4PD4429,W1AC368
W1AC43-I2PD18528,W1AC43
W1KG15937-I1KG15948,W1KG15937
W1KG24915-I1KG24924,W1KG24915
W3CN7829-I3CN7841,W3CN7829
W3PD398-I4PD3277,W3PD398
W4CZ30835-I4CZ30839,W4CZ30835
W4PD502-I4PD4116,W4PD502
W00KG01522-5823,W00KG01522
W3CN5624-I3CN5627,W3CN5624
W1AC309-I4PD2752,W1AC309
W1KG16655-I4PD2657,W1KG16655
W1KG16655-I4PD2651,W1KG16655
W1KG16666-I4PD2687,W1KG16666
W1KG17022-I1KG17118,W1KG17022
W1KG24915-I1KG24921,W1KG24915
W1KG24915-I1KG24922,W1KG24915
W1KG4884-I1KG4896,W1KG4884
W3CN3430-I3CN4017,W3CN3430
W3CN5823-I3CN5834,W3CN5823
W3CN7099-I3CN7112,W3CN7099
W3CN7913-I3CN7915,W3CN7913
W4PD502-I4PD4053,W4PD502
W1AC374-I4PD2736,W1AC374
W3CN8060-I3CN8063,W3CN8060
W3PD410-I4PD4548,W3PD410
W3CN3408-I3CN4446,W3CN3408
W00KG010265-I1KG570,W00KG010265
W1AC374-I4PD2733,W1AC374
W1KG14787-I1KG14833,W1KG14787
W1KG16139-I1KG16144,W1KG16139
W2CZ9154-I1KG14881,W2CZ9154
W3CN8046-I3CN8410,W3CN8046
W4PD502-I4PD3982,W4PD502
W4PD502-I4PD4056,W4PD502
W00EGS1017422-I1PD28032,W00EGS1017422
W1GS44056-5821,W1GS44056
W1KG13759-I1KG15432,W1KG13759
W1KG13759-I1KG15437,W1KG13759
W1KG24915-I1KG24919,W1KG24915
W1KG25162-I1KG25164,W1KG25162
W3CN3394-I3CN4259,W3CN3394
W3CN4347-I3CN4564,W3CN4347
W3CN7719-I3CN7721,W3CN7719
W4PD502-I4PD4001,W4PD502
W4PD502-I4PD3993,W4PD502
W1AC309-I4PD2739,W1AC309
W1AC309-I4PD2755,W1AC309
W1AC374-I4PD2732,W1AC374
W1KG14674-I1KG15759,W1KG14674
W1KG15516-I1KG15583,W1KG15516
W1KG15990-I1KG16199,W1KG15990
W1KG16666-I4PD2677,W1KG16666
W1KG6168-I1KG8463,W1KG6168
W1PD133161-I4PD2793,W1PD133161
W3CN3029-I3CN3488,W3CN3029
W3CN7829-I3CN7839,W3CN7829
W4PD502-I4PD4073,W4PD502
W1AC31-I2PD18126,W1AC31
W3CN3435-I3CN8570,W3CN3435
W3CN7856-I3CN7858,W3CN7856
W4PD502-I4PD3983,W4PD502
W4PD502-I4PD4011,W4PD502
W3CN3408-I3CN4439,W3CN3408
W3CN3408-I3CN4393,W3CN3408
W1AC374-I4PD2726,W1AC374
W1KG16588-I2PD17867,W1KG16588
W1KG24644-I1KG24707,W1KG24644
W4PD502-I4PD4088,W4PD502
W1KG9037-I1KG9066,W1KG9037
W3CN3425-I3CN7765,W3CN3425
W4CZ30835-I4CZ30841,W4CZ30835
W4PD502-I4PD4003,W4PD502
W4PD502-I4PD4004,W4PD502
W4PD502-I4PD4072,W4PD502
W8LS18460-I8LS18462,W8LS18460
W1AC16-I2PD18491,W1AC16
W1KG16655-I4PD2663,W1KG16655
W1KG16655-I4PD2650,W1KG16655
W1KG16666-I4PD2688,W1KG16666
W1KG24915-I1KG24920,W1KG24915
W3CN7829-I3CN7840,W3CN7829
W4PD502-I4PD4057,W4PD502
W4PD502-I4PD4085,W4PD502
W3CN3408-I3CN4448,W3CN3408
W1KG12059-I1KG13625,W1KG12059
W1KG16581-I2PD18459,W1KG16581
W1KG16581-I2PD18466,W1KG16581
W1KG4884-I1KG4886,W1KG4884
W1PD133161-I4PD2794,W1PD133161
W26078-4407,W26078
W30481-I1KG16924,W30481
W3CN5823-I3CN5833,W3CN5823
W3CN8043-I3CN8045,W3CN8043
W3CN8363-I3CN8365,W3CN8363
W4PD502-I4PD4087,W4PD502
W4PD502-I4PD4061,W4PD502
W3CN3408-I3CN4407,W3CN3408
W1AC364-I2PD17989,W1AC364
W1KG25056-I1KG25058,W1KG25056
W1KG4884-I1KG4897,W1KG4884
W1KG4884-I1KG4888,W1KG4884
W1KG5476-I1KG5481,W1KG5476
W26078-4416,W26078
W4PD502-I4PD4083,W4PD502
W4PD502-I4PD4059,W4PD502
W4CZ34105-I1KG16821,W4CZ34105
W1KG14523-I1KG15676,W1KG14523
W1KG25891-I1KG25893,W1KG25891
W26078-4394,W26078
W3PD398-I4PD3270,W3PD398
W3PD398-I4PD3284,W3PD398
W4PD502-I4PD4081,W4PD502
W4PD502-I4PD4065,W4PD502
W3CN3408-I3CN4432,W3CN3408
W8LS20254-I8LS20256,W8LS20254
W1KG16458-I1KG16460,W1KG16458
W1KG16651-I2PD17684,W1KG16651
W1KG16655-I4PD2644,W1KG16655
W26078-4411,W26078
W3CN4918-I3CN4920,W3CN4918
W3CN5402-I3CN5404,W3CN5402
W4PD502-I4PD4082,W4PD502
W4PD502-I4PD4064,W4PD502
W00KG02530-I00KG07595,W00KG02530
W1KG16666-I4PD2667,W1KG16666
W3CN4318-I3CN8456,W3CN4318
W3CN4726-I3CN4728,W3CN4726
W3CN5033-I3CN5035,W3CN5033
W4PD502-I4PD4080,W4PD502
W4PD502-I4PD4070,W4PD502
W3CN3408-I3CN4401,W3CN3408
W3CN7099-I3CN7114,W3CN7099
W3CN7719-I3CN7724,W3CN7719
W1AC374-I4PD2731,W1AC374
W1KG16156-I1KG16173,W1KG16156
W1KG18135-I1KG18159,W1KG18135
W1KG25186-I1KG25188,W1KG25186
W1KG25210-I1KG25212,W1KG25210
W3PD401-I3PD425,W3PD401
W4PD502-I4PD4016,W4PD502
W3CN3408-I3CN4451,W3CN3408
W1KG16666-I4PD2698,W1KG16666
W1PD107937-I1PD107957,W1PD107937
W26078-4399,W26078
W3CN7829-I3CN7836,W3CN7829
W4PD502-I4PD4069,W4PD502
W4PD502-I4PD4021,W4PD502
W4PD502-I4PD4071,W4PD502
W1AC29-I2PD17980,W1AC29
W1AC360-I2PD18326,W1AC360
W1AC374-I4PD2728,W1AC374
W1KG16655-I4PD2659,W1KG16655
W1KG16655-I4PD2652,W1KG16655
W1KG16655-I4PD2654,W1KG16655
W1KG16655-I4PD2661,W1KG16655
W1KG23738-I1KG24023,W1KG23738
W1PD133161-I4PD2800,W1PD133161
W4PD502-I4PD4063,W4PD502
W1KG13001-I1KG13066,W1KG13001
W1KG22150-I1KG22159,W1KG22150
W3CN3431-I3CN4019,W3CN3431
W3PD398-I4PD3271,W3PD398
W4CZ30835-I4CZ30840,W4CZ30835
W4PD502-I4PD3976,W4PD502
W4PD502-I4PD4054,W4PD502
W3CN3408-I3CN4466,W3CN3408
W1AC16-I2PD18489,W1AC16
W1AC309-I4PD2756,W1AC309
W1AC364-I2PD17996,W1AC364
W1KG16714-I2PD18517,W1KG16714
W1PD137879-I2PD18687,W1PD137879
W3CN3438-I3CN8574,W3CN3438
W3CN7099-I3CN7106,W3CN7099
W3PD401-I3PD424,W3PD401
W3PD401-I3PD426,W3PD401
W3PD401-I3PD423,W3PD401
W4PD502-I4PD4044,W4PD502
W1KG12985-I1KG13062,W1KG12985
W1KG15817-I1KG15821,W1KG15817
W1KG16595-I2PD18308,W1KG16595
W1KG21018-I1KG21130,W1KG21018
W21699-I1KG22929,W21699
W4PD502-I4PD4020,W4PD502
W4PD502-I4PD3977,W4PD502
W3CN3408-I3CN4458,W3CN3408
W1AC308-I4PD3947,W1AC308
W1KG15974-I1KG15984,W1KG15974
W1KG16655-I4PD2662,W1KG16655
W1KG16655-I4PD2653,W1KG16655
W1KG16655-I4PD2649,W1KG16655
W1KG16655-I4PD2665,W1KG16655
W1KG4884-I1KG4887,W1KG4884
W1PD107937-I1PD107958,W1PD107937
W3CN3425-I3CN7762,W3CN3425
W3PD401-I3PD422,W3PD401
W3PD401-I3PD421,W3PD401
W4PD502-I4PD4103,W4PD502
W8LS19210-I8LS19212,W8LS19210
W00EGS1017555-I1KG15469,W00EGS1017555
W1KG13759-I1KG15428,W1KG13759
W1KG16790-I1KG16904,W1KG16790
W1KG20639-I1KG20758,W1KG20639
W3CN4642-I3CN4644,W3CN4642
W3CN4645-I3CN4647,W3CN4645
W3CN7829-I3CN7835,W3CN7829
W3PD398-I4PD3283,W3PD398
W4PD502-I4PD4058,W4PD502
W00KG03892-I00KG03967,W00KG03892
W1KG20858-I1KG20911,W1KG20858
W1KG9032-I1KG9056,W1KG9032
W1PD133161-I4PD2801,W1PD133161
W3CN8173-I3CN8175,W3CN8173
W4PD2014-I2PD20586,W4PD2014
W3CN3408-I3CN4457,W3CN3408
W1PD107937-I1PD107944,W1PD107937
W3CN3384-I3CN3469,W3CN3384
W3PD398-I4PD3262,W3PD398
W4PD502-I4PD4066,W4PD502
W4PD502-I4PD4060,W4PD502
W3CN3408-I3CN4394,W3CN3408
W00EGS1017555-I1KG15470,W00EGS1017555
W1KG13981-I1KG13983,W1KG13981
W1KG16793-I1KG16930,W1KG16793
W1KG21275-I1KG21319,W1KG21275
W1KG22150-I1KG22160,W1KG22150
W1KG25307-I1KG25309,W1KG25307
W1KG25353-I1KG25355,W1KG25353
W1PD133161-I4PD2799,W1PD133161
W4PD502-I4PD4117,W4PD502
W4PD502-I4PD4102,W4PD502
W3CN3408-I3CN4461,W3CN3408
W3CN5624-I3CN5629,W3CN5624
W1AC31-I2PD18125,W1AC31
W30481-I1KG16925,W30481
W3CN4798-I3CN4800,W3CN4798
W4PD502-I4PD4049,W4PD502
W4PD502-I4PD3973,W4PD502
W3CN3408-I3CN4396,W3CN3408
W1KG15922-I1KG15924,W1KG15922
W26078-4414,W26078
W3CN7845-I3CN7847,W3CN7845
W4PD502-I4PD4084,W4PD502
W4PD502-I4PD3985,W4PD502
W8LS19198-I8LS19200,W8LS19198
W1KG15936-I1KG15946,W1KG15936
W1AC17-I2PD18536,W1AC17
W1AC374-I4PD2734,W1AC374
W1KG14740-I2PD18218,W1KG14740
W1KG16655-I4PD2641,W1KG16655
W2PD17620-I4PD4253,W2PD17620
W3CN4735-I3CN4737,W3CN4735
W3CN4866-I3CN4868,W3CN4866
W3CN7099-I3CN7104,W3CN7099
W4PD502-I4PD4048,W4PD502
W1GS105195-I1PD36271,W1GS105195
W1KG16652-I4PD2622,W1KG16652
W1KG16666-I4PD2678,W1KG16666
W1KG22150-I1KG22161,W1KG22150
W1KG4884-I1KG4893,W1KG4884
W1PD133164-I2PD20421,W1PD133164
W2PD17395-I4PD2967,W2PD17395
W4PD502-I4PD4105,W4PD502
W8284-I1KG15813,W8284
W3CN3408-I3CN4444,W3CN3408
W3CN3408-I3CN4468,W3CN3408
W1KG13759-I1KG15439,W1KG13759
W1KG13759-I1KG15440,W1KG13759
W3CN3408-I3CN4409,W3CN3408
W3CN3408-I3CN4402,W3CN3408
W1KG14655-I1KG15737,W1KG14655
W1KG14665-I1KG15748,W1KG14665
W1KG16606-I1KG16631,W1KG16606
W1KG16651-I2PD17680,W1KG16651
W1KG16652-I4PD2607,W1KG16652
W1KG16655-I4PD2660,W1KG16655
W1KG4884-I1KG4901,W1KG4884
W1PD159451-I4PD4573,W1PD159451
W3CN3408-I3CN4406,W3CN3408
W1KG25267-I1KG25269,W1KG25267
W1KG14505-I1KG15208,W1KG14505
W1PD133163-I4PD2446,W1PD133163
W1PD152295-I2PD20388,W1PD152295
W28799-I1KG18157,W28799
W3CN7099-I3CN7113,W3CN7099
W4PD502-I4PD4047,W4PD502
W4PD502-I4PD4078,W4PD502
W4PD502-I4PD4099,W4PD502
W4PD502-I4PD4068,W4PD502
W4PD502-I4PD4045,W4PD502
W3CN3408-I3CN4452,W3CN3408
W3CN3408-I3CN4420,W3CN3408
W1AC308-I4PD3948,W1AC308
W1KG16652-I4PD2610,W1KG16652
W1KG16655-I4PD2636,W1KG16655
W1KG16655-I4PD2646,W1KG16655
W3CN7099-I3CN7111,W3CN7099
W3CN7829-I3CN7834,W3CN7829
W3CN7845-I3CN7848,W3CN7845
W4PD502-I4PD3988,W4PD502
W1KG13759-I1KG15433,W1KG13759
W3CN3408-I3CN4391,W3CN3408
W3CN5624-I3CN5628,W3CN5624
W1KG22580-I1KG22591,W1KG22580
W1PD137813-I2PD19057,W1PD137813
W3CN4705-I3CN4708,W3CN4705
W3CN4957-I3CN4959,W3CN4957
W4PD2014-I2PD20585,W4PD2014
W4PD502-I4PD3981,W4PD502
W1KG12987-I1KG13064,W1KG12987
W1KG16139-I1KG16145,W1KG16139
W1KG16652-I4PD2602,W1KG16652
W1KG21754-I1KG21849,W1KG21754
W1KG23221-I1KG23318,W1KG23221
W3CN5312-I3CN5314,W3CN5312
W3CN7913-I3CN7917,W3CN7913
W4PD502-I4PD3994,W4PD502
W1KG13759-I1KG15435,W1KG13759
W1KG15817-I1KG15819,W1KG15817
W1KG16455-I1KG16457,W1KG16455
W3CN3408-I3CN4464,W3CN3408
W4CZ34261-I4CZ45291,W4CZ34261
W00EGS1016951-I01JW174,W00EGS1016951
W1KG13017-I1KG13095,W1KG13017
W1KG14627-I1KG15643,W1KG14627
W1KG16652-I4PD2609,W1KG16652
W3CN5026-I3CN5028,W3CN5026
W4PD502-I4PD3990,W4PD502
W3CN3408-I3CN4434,W3CN3408
W16484-I1KG13436,W16484
W1AC16-I2PD18490,W1AC16
W1KG16652-I4PD2619,W1KG16652
W1KG16655-I4PD2642,W1KG16655
W3CN8060-I3CN8066,W3CN8060
W3PD398-I4PD3281,W3PD398
W4PD2014-I2PD20589,W4PD2014
W4PD502-I4PD4101,W4PD502
W4PD502-I4PD3984,W4PD502
W3CN3408-I3CN4397,W3CN3408
W1AC349-I4PD4486,W1AC349
W1KG16652-I4PD2606,W1KG16652
W1KG22150-I1KG22162,W1KG22150
W1AC26-I2PD18434,W1AC26
W1AC309-I4PD2742,W1AC309
W1AC364-I2PD17988,W1AC364
W1AC380-I2PD18348,W1AC380
W3CN7719-I3CN7725,W3CN7719
W1AC374-I4PD2727,W1AC374
W1GS49280-I1PD34006,W1GS49280
W3CN5561-I3CN5564,W3CN5561
W3CN3408-I3CN4427,W3CN3408
W3CN3408-I3CN4424,W3CN3408
W1KG16652-I4PD2611,W1KG16652
W1KG16652-I4PD2616,W1KG16652
W1KG16655-I4PD2637,W1KG16655
W1KG18130-I1KG18147,W1KG18130
W1KG22691-I1KG22913,W1KG22691
W1PD107937-I1PD107947,W1PD107937
W1PD133161-I4PD2796,W1PD133161
W26078-4392,W26078
W1AC364-I2PD17990,W1AC364
W1AC430-I2PD18324,W1AC430
W1KG13759-I1KG15427,W1KG13759
W1KG16214-I1KG16248,W1KG16214
W1KG16651-I2PD17687,W1KG16651
W1KG16652-I4PD2603,W1KG16652
W1KG16666-I4PD2693,W1KG16666
W1KG25101-I1KG25103,W1KG25101
W3CN3425-I3CN7764,W3CN3425
W3CN532-I3CN8542,W3CN532
W3CN3408-I3CN4408,W3CN3408
W1AC242-I2PD17757,W1AC242
W1KG16651-I2PD17683,W1KG16651
W1PD105825-I1PD105827,W1PD105825
W1AC29-I2PD17979,W1AC29
W1PD137800-I2PD17933,W1PD137800
W26078-4402,W26078
W4CZ34261-I4CZ45290,W4CZ34261
W8LS19177-I8LS19179,W8LS19177
W1PD107937-I1PD107959,W1PD107937
W1PD133163-I4PD2445,W1PD133163
W2PD17608-I4PD4598,W2PD17608
W3CN3417-I3CN4503,W3CN3417
W3CN4672-I3CN4674,W3CN4672
W4PD502-I4PD4067,W4PD502
W4PD502-I4PD4052,W4PD502
W4CZ34105-I1KG16824,W4CZ34105
W1AC225-I2PD18164,W1AC225
W1KG16652-I4PD2615,W1KG16652
W1KG16714-I2PD18514,W1KG16714
W1PD159451-I4PD4567,W1PD159451
W26078-4410,W26078
W3CN3425-I3CN7763,W3CN3425
W3CN532-I3CN8544,W3CN532
W4PD502-I4PD4076,W4PD502
W3CN3408-I3CN4425,W3CN3408
W1KG14517-I1KG18525,W1KG14517
W1KG9771-I1KG9784,W1KG9771
W1PD133163-I4PD2442,W1PD133163
W3CN532-I3CN8543,W3CN532
W4PD502-I4PD4091,W4PD502
W8LS18262-I8LS20725,W8LS18262
W00EGS1017717-I2KG207974,W00EGS1017717
W1KG15446-I1KG15452,W1KG15446
W1KG25050-I1KG25052,W1KG25050
W3CN3408-I3CN4392,W3CN3408
W1KG15817-I1KG15820,W1KG15817
W1KG16651-I2PD17686,W1KG16651
W1KG16651-I2PD17676,W1KG16651
W1KG16655-I4PD2638,W1KG16655
W1KG16666-I4PD2683,W1KG16666
W1KG24651-I1KG25040,W1KG24651
W3CN7920-I3CN7922,W3CN7920
W4CZ34105-I1KG16817,W4CZ34105
W1PD133163-I4PD2447,W1PD133163
W4PD502-I4PD3987,W4PD502
W1KG4884-I1KG4905,W1KG4884
W1PD137800-I2PD17932,W1PD137800
W1PD152291-I2PD18424,W1PD152291
W3CN532-I3CN8541,W3CN532
W00EGS1017717-I2KG207975,W00EGS1017717
W3CN7099-I3CN7102,W3CN7099
W1KG20782-I1KG20833,W1KG20782
W1KG25080-I1KG25082,W1KG25080
W1PD107937-I1PD107956,W1PD107937
W20830-5678,W20830
W2PD19192-I2PD19338,W2PD19192
W1AC385-I2PD18237,W1AC385
W1KG23134-I1KG23493,W1KG23134
W1PD137853-I2PD20380,W1PD137853
W1PD137882-I1KG15930,W1PD137882
W3CN3417-I3CN4500,W3CN3417
W3CN545-I3CN3916,W3CN545
W1PD133161-I4PD2802,W1PD133161
W3CN3408-I3CN4412,W3CN3408
W3PD398-I4PD3269,W3PD398
W4CZ62374-I4CZ62382,W4CZ62374
W4CZ34105-I1KG16816,W4CZ34105
W1AC309-I4PD2745,W1AC309
W1KG14614-I1KG15617,W1KG14614
W1KG8579-I1KG8592,W1KG8579
W1PD133161-I4PD2792,W1PD133161
W3CN7845-I3CN7849,W3CN7845
W4PD502-I4PD3991,W4PD502
W1AC41-I2PD17598,W1AC41
W1PD152291-I2PD18412,W1PD152291
W20082-I1KG18126,W20082
W2PD19093-I2PD20732,W2PD19093
W3PD394-I2PD17701,W3PD394
W8LS19204-I8LS19206,W8LS19204
W3CN3408-I3CN4431,W3CN3408
W1KG15935-I1KG15943,W1KG15935
W1KG16651-I2PD17685,W1KG16651
W1KG16652-I4PD2600,W1KG16652
W1KG16655-I4PD2648,W1KG16655
W1KG16666-I4PD2685,W1KG16666
W1KG17112-I1KG17123,W1KG17112
W1KG4884-I1KG4900,W1KG4884
W4PD502-I4PD4023,W4PD502
W3CN3408-I3CN4435,W3CN3408
W3CN5823-I3CN5829,W3CN5823
W4CZ34105-I1KG16820,W4CZ34105
W1KG9771-I1KG9783,W1KG9771
W1PD133161-I4PD2798,W1PD133161
W21846-I1KG16014,W21846
W1AC242-I2PD17759,W1AC242
W1KG15471-I1KG16261,W1KG15471
W1KG16651-I2PD17677,W1KG16651
W1KG4884-I1KG4890,W1KG4884
W1KG4884-I1KG4910,W1KG4884
W1PD107937-I1PD107961,W1PD107937
W1PD137863-I2PD19650,W1PD137863
W1KG17112-I1KG17122,W1KG17112
W1KG25174-I1KG25176,W1KG25174
W1KG16612-I1KG16659,W1KG16612
W1KG4884-I1KG4891,W1KG4884
W4CZ62374-I4CZ62383,W4CZ62374
W8LS20768-I8LS20831,W8LS20768
W1AC229-I2PD17770,W1AC229
W1AC242-I2PD17758,W1AC242
W1KG16555-I2PD18269,W1KG16555
W1KG16655-I4PD2645,W1KG16655
W1KG21760-I1KG21870,W1KG21760
W3CN4963-I3CN4965,W3CN4963
W1KG13981-I1KG13984,W1KG13981
W3CN7099-I3CN7120,W3CN7099
W3CN3408-I3CN4413,W3CN3408
W4CZ34105-I1KG16819,W4CZ34105
W1AC321-I2PD18067,W1AC321
W1KG15517-I1KG15525,W1KG15517
W1KG16651-I2PD17675,W1KG16651
W20170-5506,W20170
W1AC435-I2PD19780,W1AC435
W1KG13759-I1KG15436,W1KG13759
W1PD107937-I1PD107966,W1PD107937
W1AC321-I2PD18066,W1AC321
W1AC374-I4PD2729,W1AC374
W1KG16651-I2PD17688,W1KG16651
W1PD137888-I2PD17672,W1PD137888
W1AC387-I2PD18241,W1AC387
W1KG8584-I1KG8599,W1KG8584
W1PD105858-I1PD105860,W1PD105858
W1PD133163-I4PD2444,W1PD133163
W3CN7859-I3CN7861,W3CN7859
W3CN3408-I3CN4411,W3CN3408
W1KG14505-I1KG15207,W1KG14505
W1KG15996-I1KG16000,W1KG15996
W1KG25065-I1KG25067,W1KG25065
W1KG4304-I1PD100515,W1KG4304
W1PD133163-I4PD2441,W1PD133163
W1PD181143-I4PD3042,W1PD181143
W1PD181143-I4PD3035,W1PD181143
W20127-I1KG21098,W20127
W26078-4418,W26078
W1KG16156-I1KG16172,W1KG16156
W1KG16652-I4PD2605,W1KG16652
W4PD2014-I2PD20587,W4PD2014
W1KG16652-I4PD2612,W1KG16652
W3CN5823-I3CN5825,W3CN5823
W8LS18739-I8LS18741,W8LS18739
W3CN3408-I3CN4455,W3CN3408
W3CN3408-I3CN4421,W3CN3408
W1KG13790-I1KG15361,W1KG13790
W1KG16652-I4PD2601,W1KG16652
W1KG16652-I4PD2613,W1KG16652
W30037-I1KG12943,W30037
W3CN4690-I3CN4692,W3CN4690
W3CN3408-I3CN4436,W3CN3408
W1AC218-I2PD18580,W1AC218
W1KG14623-I1KG15635,W1KG14623
W1KG20785-I1KG20883,W1KG20785
W1KG25110-I1KG25112,W1KG25110
W1PD107937-I1PD107952,W1PD107937
W4PD502-I4PD4015,W4PD502
W1KG13432-I1KG13741,W1KG13432
W1KG16651-I2PD17678,W1KG16651
W1KG16666-I4PD2694,W1KG16666
W1KG17114-I1KG17128,W1KG17114
W3CN6654-I3CN6656,W3CN6654
W4PD502-I4PD4100,W4PD502
W3CN3408-I3CN4459,W3CN3408
W3CN5186-I3CN5188,W3CN5186
W1AC364-I2PD17995,W1AC364
W1AC364-I2PD17985,W1AC364
W1KG16652-I4PD2617,W1KG16652
W1KG4884-I1KG4907,W1KG4884
W1PD107937-I1PD107951,W1PD107937
W2PD17621-I4PD4223,W2PD17621
W3CN6654-I3CN6657,W3CN6654
W1AC242-I2PD17755,W1AC242
W4PD502-I4PD4115,W4PD502
W4PD502-I4PD4093,W4PD502
W3CN5624-I3CN5626,W3CN5624
W1AC308-I4PD3945,W1AC308
W1AC308-I4PD3946,W1AC308
W1KG16655-I4PD2640,W1KG16655
W1KG16655-I4PD2639,W1KG16655
W1KG16655-I4PD2664,W1KG16655
W1KG25320-I1KG25322,W1KG25320
W1KG4884-I1KG4904,W1KG4884
W1KG6256-I1KG6303,W1KG6256
W26078-4404,W26078
W4PD502-I4PD3992,W4PD502
W1KG9771-I1KG9786,W1KG9771
W4CZ34105-I1KG16822,W4CZ34105
W4CZ34105-I1KG16815,W4CZ34105
W1KG25264-I1KG25266,W1KG25264
W1PD133161-I4PD2797,W1PD133161
W1PD133163-I4PD2443,W1PD133163
W1PD159378-I2PD18995,W1PD159378
W21915-I1KG20642,W21915
W3PD415-I4PD4684,W3PD415
W4PD502-I4PD4000,W4PD502
W3CN8185-I3CN8187,W3CN8185
W1AC2-I2PD18003,W1AC2
W1AC308-I4PD3949,W1AC308
W1KG16714-I2PD18518,W1KG16714
W2PD17394-I4PD2975,W2PD17394
W3PD403-I2PD18025,W3PD403
W4PD502-I4PD4046,W4PD502
W1AC309-I4PD2751,W1AC309
W1KG13759-I1KG15430,W1KG13759
W1KG16581-I2PD18465,W1KG16581
W22073-I1KG17892,W22073
W3CN7042-I3CN7044,W3CN7042
W4PD502-I4PD3989,W4PD502
W3CN3408-I3CN4453,W3CN3408
W1KG13768-I1KG21311,W1KG13768
W1KG16652-I4PD2621,W1KG16652
W1KG16666-I4PD2686,W1KG16666
W1KG4884-I1KG4909,W1KG4884
W26078-4393,W26078
W4PD502-I4PD3986,W4PD502
W3CN3417-I3CN4499,W3CN3417
W3CN4729-I3CN4731,W3CN4729
W3PD398-I4PD3265,W3PD398
W4PD502-I4PD3995,W4PD502
W3CN3408-I3CN4419,W3CN3408
W3CN3408-I3CN4426,W3CN3408
W3CN3408-I3CN4418,W3CN3408
W1AC16-I2PD18494,W1AC16
W1KG16157-I1KG16175,W1KG16157
W1KG16651-I2PD17679,W1KG16651
W1KG22150-I1KG22163,W1KG22150
W29564-6015,W29564
W3CN3408-I3CN4438,W3CN3408
W1KG13759-I1KG15434,W1KG13759
W1KG15936-I1KG15945,W1KG15936
W1KG16666-I4PD2696,W1KG16666
W1KG25307-I1KG25310,W1KG25307
W1PD137798-I2PD18555,W1PD137798
W3CN4311-I3CN4330,W3CN4311
W3CN3408-I3CN4398,W3CN3408
W1AC242-I2PD17760,W1AC242
W1AC364-I2PD17991,W1AC364
W1KG13769-I1KG15219,W1KG13769
W1KG16655-I4PD2635,W1KG16655
W2PD17395-I4PD2968,W2PD17395
W3PD394-I2PD17700,W3PD394
W3CN3408-I3CN4405,W3CN3408
W1KG13759-I1KG15431,W1KG13759
W1KG15383-I1KG15397,W1KG15383
W1PD133161-I4PD2789,W1PD133161
W26078-4391,W26078
W3CN5571-I3CN5573,W3CN5571
W8284-I1KG15812,W8284
W1KG21224-I1KG21270,W1KG21224
W20442-I1KG16010,W20442
W1PD137800-I2PD17931,W1PD137800
W2PD19333-I4PD4787,W2PD19333
W4PD502-I4PD4033,W4PD502
W4PD502-I4PD4109,W4PD502
W3CN3408-I3CN4415,W3CN3408
W1PD95787-I1PD98401,W1PD95787
W3PD188-I3PD267,W3PD188
W3PD188-I3PD283,W3PD188
W3CN4801-I3CN4803,W3CN4801
W1KG14647-I1KG15708,W1KG14647
W20026-I1KG12929,W20026
W4PD502-I4PD4108,W4PD502
W1KG21707-I1KG21768,W1KG21707
W1KG9771-I1KG9785,W1KG9771
W1KG16609-I1KG16644,W1KG16609
W1PD181143-I4PD3044,W1PD181143
W20485-I1KG18821,W20485
W3PD188-I3PD279,W3PD188
W1PD105840-I1PD105842,W1PD105840
W26078-4396,W26078
W3CN5519-I3CN5523,W3CN5519
W1KG6248-I1KG10627,W1KG6248
W1KG14647-I1KG15709,W1KG14647
W1KG18139-I1KG18167,W1KG18139
W30528-I1KG14753,W30528
W3CN7842-I3CN7844,W3CN7842
W1PD181143-I4PD3026,W1PD181143
W29032-5740,W29032
W3CN4705-I3CN4707,W3CN4705
W1KG14647-I1KG15711,W1KG14647
W3CN7886-I3CN7888,W3CN7886
W4PD502-I4PD4025,W4PD502
W1PD181143-I4PD3031,W1PD181143
W1AC305-I2PD17747,W1AC305
W1PD181143-I4PD3032,W1PD181143
W1PD95787-I1PD98400,W1PD95787
W1PD137884-I2PD18586,W1PD137884
W1AT884-I1KG2739,W1AT884
W3PD188-I3PD266,W3PD188
W1PD181143-I4PD3043,W1PD181143
W3PD188-I3PD268,W3PD188
W1PD181143-I4PD3039,W1PD181143
W3CN3417-I3CN4497,W3CN3417
W3CN3408-I3CN4465,W3CN3408
W1KG24220-I1KG24302,W1KG24220
W20214-4197,W20214
W1AC40-I2PD17596,W1AC40
W3CN5005-I3CN5007,W3CN5005
W3CN5519-I3CN5524,W3CN5519
W3CN4702-I3CN4704,W3CN4702
W1PD152291-I2PD18414,W1PD152291
W3CN7889-I3CN7891,W3CN7889
W1AC237-I2PD18113,W1AC237
W1KG18139-I1KG18168,W1KG18139
W1KG24221-I1KG24305,W1KG24221
W1KG14647-I1KG15710,W1KG14647
W19680-4847,W19680
W1PD181143-I4PD3037,W1PD181143
W1PD137800-I2PD17926,W1PD137800
W1PD181143-I4PD3034,W1PD181143
W1PD181143-I4PD3028,W1PD181143
W17320-I1PD36420,W17320
W1KG14505-I1KG15201,W1KG14505
W1PD137783-I2PD17911,W1PD137783
W2DB5974-I1PD27500,W2DB5974
W3PD188-I3PD278,W3PD188
W3PD188-I3PD269,W3PD188
W1AC238-I2PD18148,W1AC238
W3CN4807-I3CN4809,W3CN4807
W1PD137800-I2PD17927,W1PD137800
W20428-I1KG5742,W20428
W3CN4789-I3CN4791,W3CN4789
W00KG03809-I1PD90075,W00KG03809
W1KG15383-I1KG15395,W1KG15383
W2CZ8041-I1KG18824,W2CZ8041
W1KG14505-I1KG15202,W1KG14505
W4PD502-I4PD4031,W4PD502
W1KG16596-I4PD4439,W1KG16596
W1KG16611-I1KG16657,W1KG16611
W1PD181143-I4PD3027,W1PD181143
W00KG03809-I1PD90076,W00KG03809
W20428-I1KG5743,W20428
W1PD181143-I4PD3038,W1PD181143
W1AC235-I2PD18130,W1AC235
W1KG24220-I1KG24301,W1KG24220
W8LS20245-I8LS20247,W8LS20245
W1KG25033-I1KG25035,W1KG25033
W3PD194-I4PD4607,W3PD194
W29013-5016,W29013
W3CN4963-I3CN4966,W3CN4963
W1KG24729-I1KG24731,W1KG24729
W29329-I1KG15044,W29329
W8LS19189-I8LS19191,W8LS19189
W29329-I1KG15042,W29329
W1PD137811-I1KG13534,W1PD137811
W8LS19192-I8LS19194,W8LS19192
W1KG15009-I4PD4504,W1KG15009
W28949-I1KG10819,W28949
W3PD193-I4PD4605,W3PD193
W1KG22690-I1KG22732,W1KG22690
W2PD19078-I2PD19085,W2PD19078
W30434-I1KG14929,W30434
W4PD502-I4PD4104,W4PD502
W8LS18964-I8LS18966,W8LS18964
W19997-I1GS44630,W19997
W1KG16651-I2PD17682,W1KG16651
W1KG4884-I1KG4903,W1KG4884
W1PD133161-I4PD2795,W1PD133161
W1PD152291-I2PD18407,W1PD152291
W26078-4395,W26078
W3CN7099-I3CN7110,W3CN7099
W1AC242-I2PD17762,W1AC242
W1KG16138-I1KG16142,W1KG16138
W1PD107937-I1PD107948,W1PD107937
W3CN4660-I3CN4662,W3CN4660
W4CZ62374-I4CZ62379,W4CZ62374
W4PD502-I4PD4074,W4PD502
W4CZ34105-I1KG16818,W4CZ34105
W1KG22943-I1KG22982,W1KG22943
W1KG4884-I1KG4892,W1KG4884
W26078-4398,W26078
W3CN3408-I3CN4460,W3CN3408
W4PD502-I4PD4008,W4PD502
W3CN3408-I3CN4456,W3CN3408
W3CN3408-I3CN4454,W3CN3408
W3CN4709-I3CN4711,W3CN4709
W3CN3408-I3CN4430,W3CN3408
W1KG18579-I1KG18729,W1KG18579
W1PD137800-I2PD17930,W1PD137800
W1PD152291-I2PD18423,W1PD152291
W3CN5026-I3CN5029,W3CN5026
W8LS20658-I8LS20660,W8LS20658
W1KG14555-I1KG14573,W1KG14555
W1KG16557-I2PD18041,W1KG16557
W1KG4884-I1KG4899,W1KG4884
W2PD17467-I4PD2928,W2PD17467
W3CN3033-I3CN3506,W3CN3033
W3CN4894-I3CN4896,W3CN4894
W3CN3408-I3CN4437,W3CN3408
W1KG13014-I1KG13089,W1KG13014
W1KG16655-I4PD2647,W1KG16655
W1KG8583-I1KG8597,W1KG8583
W1PD133161-I4PD2791,W1PD133161
W4PD502-I4PD3999,W4PD502
W1AC413-I2PD17796,W1AC413
W1KG22580-I1KG22590,W1KG22580
W1KG22580-I1KG22588,W1KG22580
W26078-4397,W26078
W4CZ62374-I4CZ62376,W4CZ62374
W1PD133161-I4PD2790,W1PD133161
W20129-I1KG14902,W20129
W3PD362-I2PD17753,W3PD362
W4PD2014-I2PD20588,W4PD2014
W1KG5724-I1KG5726,W1KG5724
W1KG16652-I4PD2614,W1KG16652
W3CN6458-I3CN6460,W3CN6458
W1KG13431-I1KG13434,W1KG13431
W3CN3408-I3CN4462,W3CN3408
W1AC242-I2PD17756,W1AC242
W1PD107937-I1PD107943,W1PD107937
W1PD107937-I1PD107941,W1PD107937
W3CN7829-I3CN7831,W3CN7829
W4CZ62374-I4CZ62380,W4CZ62374
W1KG16655-I4PD2634,W1KG16655
W1KG20929-I1KG20994,W1KG20929
W4CZ62374-I4CZ62381,W4CZ62374
W3CN3408-I3CN4400,W3CN3408
W1AC256-I2PD18111,W1AC256
W1KG16613-I1KG16661,W1KG16613
W2PD19078-I2PD19082,W2PD19078
W4PD502-I4PD4050,W4PD502
W1AC278-I2PD20351,W1AC278
W1PD133163-I4PD2450,W1PD133163
W1PD137786-I2PD17915,W1PD137786
W3CN5249-I3CN5251,W3CN5249
W3CN3408-I3CN4433,W3CN3408
W1AC364-I2PD17986,W1AC364
W1KG16652-I4PD2608,W1KG16652
W1PD107937-I1PD107940,W1PD107937
W1PD152291-I2PD18408,W1PD152291
W4PD502-I4PD4122,W4PD502
W00KG08430-I00KG08437,W00KG08430
W1AC16-I2PD18493,W1AC16
W1AC242-I2PD17761,W1AC242
W3CN5561-I3CN5563,W3CN5561
W1KG25864-I1KG25866,W1KG25864
W1PD107937-I1PD107954,W1PD107937
W1PD107937-I1PD107942,W1PD107937
W28829-5762,W28829
W29517-I00EGS1017356,W29517
W1PD133163-I4PD2453,W1PD133163
W3CN3417-I3CN4505,W3CN3417
W4CZ62374-I4CZ62378,W4CZ62374
W3CN4274-I3CN4294,W3CN4274
W3CN5285-I3CN5287,W3CN5285
W4PD502-I4PD4121,W4PD502
W00KG03811-I1PD90084,W00KG03811
W4PD502-I4PD4028,W4PD502
W1KG25153-I1KG25155,W1KG25153
W1PD152291-I2PD18415,W1PD152291
W3PD397-I2PD17698,W3PD397
W4CZ62374-I4CZ62377,W4CZ62374
W1KG16557-I2PD18042,W1KG16557
W30480-I1KG16927,W30480
W4PD502-I4PD4075,W4PD502
W1KG16666-I4PD2700,W1KG16666
W1KG25343-I1KG25346,W1KG25343
W1PD107937-I1PD107946,W1PD107937
W1PD137800-I2PD17929,W1PD137800
W3CN4716-I3CN4718,W3CN4716
W4CZ34105-I1KG16823,W4CZ34105
W1PD83977-I1PD96460,W1PD83977
W3CN3417-I3CN4502,W3CN3417
W4PD502-I4PD4051,W4PD502
W1KG15935-I1KG15942,W1KG15935
W1KG16610-I1KG16646,W1KG16610
W1KG9031-I1KG9054,W1KG9031
W1PD107937-I1PD107949,W1PD107937
W3CN3408-I3CN4442,W3CN3408
W3CN3408-I3CN4417,W3CN3408
W1KG4884-I1KG4906,W1KG4884
W1KG4884-I1KG4908,W1KG4884
W1PD107937-I1PD107962,W1PD107937
W1PD137800-I2PD17928,W1PD137800
W00EGS1016951-I01JW173,W00EGS1016951
W1AC364-I2PD17987,W1AC364
W1GS54156-I1KG13745,W1GS54156
W26078-4409,W26078
W1KG21231-I1KG21307,W1KG21231
W1KG23091-I1KG23138,W1KG23091
W1PD137887-I2PD17665,W1PD137887
W26078-4415,W26078
W3CN3408-I3CN4441,W3CN3408
W1KG16147-I1KG16151,W1KG16147
W1KG16651-I2PD17674,W1KG16651
W1KG16803-I1KG17037,W1KG16803
W1PD133163-I4PD2451,W1PD133163
W20131-I1KG14900,W20131
W26078-4408,W26078
W3CN3408-I3CN4404,W3CN3408
W3CN3408-I3CN4414,W3CN3408
W1KG16591-I2PD18181,W1KG16591
W1KG16666-I4PD2681,W1KG16666
W22073-I1KG17893,W22073
W2PD17609-I4PD4239,W2PD17609
W3CN5141-I3CN5143,W3CN5141
W00KG08430-I00KG08436,W00KG08430
W1AC435-I2PD19779,W1AC435
W3CN3408-I3CN4410,W3CN3408
W3CN3408-I3CN4445,W3CN3408
W1AC321-I2PD18068,W1AC321
W4PD502-I4PD4036,W4PD502
W1KG16805-I1KG17045,W1KG16805
W1PD137884-I2PD18590,W1PD137884
W3CN3417-I3CN4498,W3CN3417
W4PD502-I4PD4040,W4PD502
W4PD502-I4PD4041,W4PD502
W00KG08430-I00KG08438,W00KG08430
W1AC361-I4PD3943,W1AC361
W1AC54-I2PD17600,W1AC54
W1KG22988-I1KG23072,W1KG22988
W1PD107937-I1PD107950,W1PD107937
W3CN5345-I3CN5347,W3CN5345
W3CN4869-I3CN4871,W3CN4869
W1PD137800-I2PD17934,W1PD137800
W4PD502-I4PD4106,W4PD502
W1KG14505-I1KG15203,W1KG14505
W2PD19078-I2PD19084,W2PD19078
W3CN4872-I3CN4874,W3CN4872
W3CN4816-I3CN4818,W3CN4816
W3CN7877-I3CN7879,W3CN7877
W4PD502-I4PD4077,W4PD502
W3CN5036-I3CN5038,W3CN5036
W1PD107937-I1PD107953,W1PD107937
W4PD502-I4PD4043,W4PD502
W2PD19078-I2PD19083,W2PD19078
W1AC374-I4PD2725,W1AC374
W1PD107937-I1PD107963,W1PD107937
W1PD107937-I1PD107965,W1PD107937
W20828-4244,W20828
W1KG25343-I1KG25345,W1KG25343
W1PD107937-I1PD107939,W1PD107937
W3CN3408-I3CN4399,W3CN3408
W1KG15822-I1KG15824,W1KG15822
W1KG4884-I1KG4902,W1KG4884
W1PD107937-I1PD107964,W1PD107937
W1PD90704-I1PD90711,W1PD90704
W1KG24247-I1KG24322,W1KG24247
W20036-I1KG14775,W20036
W3CN3408-I3CN4423,W3CN3408
W1PD95787-I1PD98399,W1PD95787
W12164-I1KG20686,W12164
W1KG12222-I1KG12252,W1KG12222
W1KG12222-I1KG12251,W1KG12222
W1PD107937-I1PD107960,W1PD107937
W1PD181143-I4PD3033,W1PD181143
W1PD181143-I4PD3045,W1PD181143
W22156-4820,W22156
W1KG14505-I1KG15205,W1KG14505
W1KG16138-I1KG16141,W1KG16138
W1KG16652-I4PD2618,W1KG16652
W1KG23091-I1KG23137,W1KG23091
W1PD181143-I4PD3040,W1PD181143
W3CN3417-I3CN4504,W3CN3417
W3CN7892-I3CN7894,W3CN7892
W00KG03811-I1PD90083,W00KG03811
W1KG22580-I1KG22589,W1KG22580
W2PD17397-I4PD2973,W2PD17397
W3PD188-I3PD271,W3PD188
W3CN4716-I3CN4719,W3CN4716
W4PD502-I4PD4032,W4PD502
W4PD502-I4PD4042,W4PD502
W1PD159411-I2PD18482,W1PD159411
W1PD181143-I4PD3036,W1PD181143
W4PD502-I4PD4030,W4PD502
W3CN3408-I3CN4416,W3CN3408
W3PD188-I3PD277,W3PD188
W1KG20879-I1KG20969,W1KG20879
W1KG9042-I1KG9074,W1KG9042
W1PD133163-I4PD2449,W1PD133163
W1PD137884-I2PD18589,W1PD137884
W3CN5011-I3CN8671,W3CN5011
W3PD188-I3PD272,W3PD188
W3PD188-I3PD276,W3PD188
W1KG14603-I1KG21209,W1KG14603
W1KG16666-I4PD2699,W1KG16666
W3CN4777-I3CN4779,W3CN4777
W3CN6458-I3CN6461,W3CN6458
W4PD502-I4PD4017,W4PD502
W3CN5051-I3CN5053,W3CN5051
W1KG14616-I1KG15621,W1KG14616
W1PD152291-I2PD18411,W1PD152291
W1PD159411-I2PD18481,W1PD159411
W4PD502-I4PD4038,W4PD502
W1KG14796-I1KG14927,W1KG14796
W1PD159411-I2PD18480,W1PD159411
W3CN7871-I3CN7873,W3CN7871
W1KG13685-I1KG13751,W1KG13685
W1AC16-I2PD18492,W1AC16
W1PD137884-I2PD18587,W1PD137884
W20914-5714,W20914
W21700-I1KG16665,W21700
W4PD502-I4PD4018,W4PD502
W4PD502-I4PD4035,W4PD502
W4PD502-I4PD4026,W4PD502
W4PD502-I4PD4034,W4PD502
W17722-4791,W17722
W1PD105846-I1PD105848,W1PD105846
W4PD502-I4PD4039,W4PD502
W1PD152286-I2PD19027,W1PD152286
W4PD502-I4PD4029,W4PD502
W1PD152281-I2PD17651,W1PD152281
W1PD152291-I2PD18413,W1PD152291
W1AC241-I2PD17971,W1AC241
W1PD133163-I4PD2452,W1PD133163
W26078-4419,W26078
W3PD188-I3PD275,W3PD188
W4PD502-I4PD4019,W4PD502
W8LS20692-I8LS20694,W8LS20692
W1AC265-I2PD17766,W1AC265
W3CN4716-I3CN4720,W3CN4716
W3PD188-I3PD280,W3PD188
W22017-I1KG17635,W22017
W1AC278-I2PD20353,W1AC278
W26078-4403,W26078
W2CZ8041-I1KG18823,W2CZ8041
W4PD502-I4PD4107,W4PD502
W1PD137888-I2PD17671,W1PD137888
W1AC278-I2PD20352,W1AC278
W4PD502-I4PD4024,W4PD502
W4PD502-I4PD4037,W4PD502
W1AC305-I2PD17748,W1AC305
W1KG14505-I1KG15209,W1KG14505
W3PD188-I3PD270,W3PD188
W1PD107937-I1PD107955,W1PD107937
W3PD188-I3PD282,W3PD188
W1PD133163-I4PD2448,W1PD133163
W2DB5974-I1PD27501,W2DB5974
W1PD137884-I2PD18588,W1PD137884
W3PD188-I3PD274,W3PD188
W1KG16596-I4PD4440,W1KG16596
W1KG25578-I1KG25580,W1KG25578
W19997-I1GS44629,W19997
W1KG25320-I1KG25323,W1KG25320
W8LS20836-I8LS20838,W8LS20836
W3PD188-I3PD281,W3PD188
W4PD502-I4PD4027,W4PD502
W26078-4405,W26078
W1PD137798-I2PD18557,W1PD137798
W2DB13635-I1PD30941,W2DB13635
W1KG20929-I1KG20995,W1KG20929
W4PD502-I4PD3997,W4PD502
W1KG12222-I1KG12250,W1KG12222
W1PD137884-I2PD18585,W1PD137884
W26078-4390,W26078
W20325-4245,W20325
W1KG15593-I1KG15595,W1KG15593
W1KG9772-I1KG9795,W1KG9772
W1PD181143-I4PD3030,W1PD181143
W1KG25431-I1KG25433,W1KG25431
W1PD181143-I4PD3041,W1PD181143
W3PD188-I3PD273,W3PD188
W19680-4846,W19680
W00EGS1016686-I01JW127,W00EGS1016686
W1AC305-I2PD17749,W1AC305
W19680-4845,W19680
W1PD181143-I4PD3029,W1PD181143
W8LS20767-I8LS20829,W8LS20767
W3PD403-I2PD18026,W3PD403
W3CN4684-I3CN4686,W3CN4684
W4PD502-I4PD4013,W4PD502
W8LS20655-I8LS20657,W8LS20655
W4PD502-I4PD4002,W4PD502
W3PD405-I2PD18031,W3PD405
W1KG13759-I1KG15438,W1KG13759
W1KG14746-I2PD18173,W1KG14746
W2DB5977-I1PD28141,W2DB5977
W3CN5117-I3CN5119,W3CN5117
W1PD159451-I4PD4572,W1PD159451
W1KG24041-I1KG24198,W1KG24041
W1KG23421-I1KG23499,W1KG23421
W19999-I1PD86094,W19999
W3PD398-I4PD3258,W3PD398
W3PD398-I4PD3257,W3PD398
W3CN5192-I3CN5194,W3CN5192
W24824-I1KG22748,W24824
W21707-I1KG22775,W21707
W20859-I1GS105619,W20859
W1KG21301-I1KG21673,W1KG21301
W1GS49535-I1GS49574,W1GS49535
W1AC364-I2PD17984,W1AC364
W00KG02331-I00KG02352,W00KG02331
W4PD502-I4PD4112,W4PD502
W3PD398-I4PD3260,W3PD398
W3CN5198-I3CN5200,W3CN5198
W1KG16581-I2PD18458,W1KG16581
W1KG13840-I1KG18522,W1KG13840
W19999-I1PD86093,W19999
W1PD90122-I1PD90139,W1PD90122
W1KG24038-I1KG24192,W1KG24038
W2PD19201-I2PD19215,W2PD19201
W2PD17467-I4PD2918,W2PD17467
W8LS20861-I8LS20863,W8LS20861
W3CN4337-I3CN4584,W3CN4337
W3CN5060-I3CN5062,W3CN5060
W8LS20744-I8LS20758,W8LS20744
W3CN5120-I3CN5122,W3CN5120
W1KG23421-I1KG23495,W1KG23421
W3CN6894-I3CN6896,W3CN6894
W3CN558-I3CN3985,W3CN558
W1KG8299-I1KG8489,W1KG8299
W1KG23520-I1KG23573,W1KG23520
W19999-I1PD86098,W19999
W1KG14742-I2PD19553,W1KG14742
W1KG14673-I1KG15756,W1KG14673
W3CN5270-I3CN5272,W3CN5270
W1PD159451-I4PD4563,W1PD159451
W1KG25144-I1KG25146,W1KG25144
W1KG23262-I1KG23312,W1KG23262
W1AC57-I2PD18751,W1AC57
W3CN5300-I3CN5302,W3CN5300
W2PD17467-I4PD2927,W2PD17467
W2PD17467-I4PD2926,W2PD17467
W23683-2431,W23683
W1KG25243-I1KG25245,W1KG25243
W1KG23421-I1KG23498,W1KG23421
W1KG21010-I1KG21037,W1KG21010
W1GS49554-I1GS49572,W1GS49554
W1AC423-I2PD17897,W1AC423
W3CN4951-I3CN4953,W3CN4951
W1KG21598-I1KG21705,W1KG21598
W1KG13764-I1KG14949,W1KG13764
W1AC56-I2PD18749,W1AC56
W20235-I1GS55149,W20235
W20574-I1KG23296,W20574
W1KG24977-I1KG24983,W1KG24977
W00KG03653-I00KG03733,W00KG03653
W3CN5438-I3CN5440,W3CN5438
W1KG18573-I1KG18666,W1KG18573
W1KG15995-I1KG16201,W1KG15995
W1AC400-I2PD18755,W1AC400
W00KG07624-I00KG07863,W00KG07624
W3CN6495-I3CN6497,W3CN6495
W3CN5258-I3CN5260,W3CN5258
W1KG5903-I1KG5921,W1KG5903
W1KG13776-I1KG15260,W1KG13776
W1AC456-I2PD18768,W1AC456
W3PD398-I4PD3285,W3PD398
W3CN6403-I3CN6405,W3CN6403
W3CN6400-I3CN6402,W3CN6400
W3CN3375-I3CN3529,W3CN3375
W1KG23421-I1KG23497,W1KG23421
W1KG1660-I1KG1662,W1KG1660
W17836-I1GS57578,W17836
W00KG03597-I00KG03614,W00KG03597
W21849-I1KG23002,W21849
W20194-I1KG23334,W20194
W1KG14709-I2PD19785,W1KG14709
W3CN3408-I3CN4449,W3CN3408
W3PD386-I2PD17837,W3PD386
W3CN7997-I3CN7999,W3CN7997
W3CN547-I3CN3963,W3CN547
W21615-I1GS105527,W21615
W1PD90127-I1PD90149,W1PD90127
W1KG25012-I1KG25014,W1KG25012
W1KG14676-I1KG15764,W1KG14676
W3CN4280-I3CN4306,W3CN4280
W2PD17637-I2PD19276,W2PD17637
W1KG18631-I1KG20660,W1KG18631
W8LS20643-I8LS20645,W8LS20643
W3PD398-I4PD3256,W3PD398
W1KG14652-I1KG15731,W1KG14652
W20841-5675,W20841
W3PD363-I2PD17845,W3PD363
W3CN5054-I3CN5056,W3CN5054
W3PD403-I2PD18026,W3PD403
W3CN4684-I3CN4686,W3CN4684
W4PD502-I4PD4013,W4PD502
W8LS20655-I8LS20657,W8LS20655
W4PD502-I4PD4002,W4PD502
W3PD405-I2PD18031,W3PD405
W1KG13759-I1KG15438,W1KG13759
W1KG14746-I2PD18173,W1KG14746
W2DB5977-I1PD28141,W2DB5977
W3CN5117-I3CN5119,W3CN5117
W1PD159451-I4PD4572,W1PD159451
W1KG24041-I1KG24198,W1KG24041
W1KG23421-I1KG23499,W1KG23421
W19999-I1PD86094,W19999
W3PD398-I4PD3258,W3PD398
W3PD398-I4PD3257,W3PD398
W3CN5192-I3CN5194,W3CN5192
W24824-I1KG22748,W24824
W21707-I1KG22775,W21707
W20859-I1GS105619,W20859
W1KG21301-I1KG21673,W1KG21301
W1GS49535-I1GS49574,W1GS49535
W1AC364-I2PD17984,W1AC364
W00KG02331-I00KG02352,W00KG02331
W4PD502-I4PD4112,W4PD502
W3PD398-I4PD3260,W3PD398
W3CN5198-I3CN5200,W3CN5198
W1KG16581-I2PD18458,W1KG16581
W1KG13840-I1KG18522,W1KG13840
W19999-I1PD86093,W19999
W1PD90122-I1PD90139,W1PD90122
W1KG24038-I1KG24192,W1KG24038
W2PD19201-I2PD19215,W2PD19201
W2PD17467-I4PD2918,W2PD17467
W8LS20861-I8LS20863,W8LS20861
W3CN4337-I3CN4584,W3CN4337
W3CN5060-I3CN5062,W3CN5060
W8LS20744-I8LS20758,W8LS20744
W3CN5120-I3CN5122,W3CN5120
W1KG23421-I1KG23495,W1KG23421
W3CN6894-I3CN6896,W3CN6894
W3CN558-I3CN3985,W3CN558
W1KG8299-I1KG8489,W1KG8299
W1KG23520-I1KG23573,W1KG23520
W19999-I1PD86098,W19999
W1KG14742-I2PD19553,W1KG14742
W1KG14673-I1KG15756,W1KG14673
W3CN5270-I3CN5272,W3CN5270
W1PD159451-I4PD4563,W1PD159451
W1KG25144-I1KG25146,W1KG25144
W1KG23262-I1KG23312,W1KG23262
W1AC57-I2PD18751,W1AC57
W3CN5300-I3CN5302,W3CN5300
W2PD17467-I4PD2927,W2PD17467
W2PD17467-I4PD2926,W2PD17467
W23683-2431,W23683
W1KG25243-I1KG25245,W1KG25243
W1KG23421-I1KG23498,W1KG23421
W1KG21010-I1KG21037,W1KG21010
W1GS49554-I1GS49572,W1GS49554
W1AC423-I2PD17897,W1AC423
W3CN4951-I3CN4953,W3CN4951
W1KG21598-I1KG21705,W1KG21598
W1KG13764-I1KG14949,W1KG13764
W1AC56-I2PD18749,W1AC56
W20235-I1GS55149,W20235
W20574-I1KG23296,W20574
W1KG24977-I1KG24983,W1KG24977
W00KG03653-I00KG03733,W00KG03653
W3CN5438-I3CN5440,W3CN5438
W1KG18573-I1KG18666,W1KG18573
W1KG15995-I1KG16201,W1KG15995
W1AC400-I2PD18755,W1AC400
W00KG07624-I00KG07863,W00KG07624
W3CN6495-I3CN6497,W3CN6495
W3CN5258-I3CN5260,W3CN5258
W1KG5903-I1KG5921,W1KG5903
W1KG13776-I1KG15260,W1KG13776
W1AC456-I2PD18768,W1AC456
W3PD398-I4PD3285,W3PD398
W3CN6403-I3CN6405,W3CN6403
W3CN6400-I3CN6402,W3CN6400
W3CN3375-I3CN3529,W3CN3375
W1KG23421-I1KG23497,W1KG23421
W1KG1660-I1KG1662,W1KG1660
W17836-I1GS57578,W17836
W00KG03597-I00KG03614,W00KG03597
W21849-I1KG23002,W21849
W20194-I1KG23334,W20194
W1KG14709-I2PD19785,W1KG14709
W3CN3408-I3CN4449,W3CN3408
W3PD386-I2PD17837,W3PD386
W3CN7997-I3CN7999,W3CN7997
W3CN547-I3CN3963,W3CN547
W21615-I1GS105527,W21615
W1PD90127-I1PD90149,W1PD90127
W1KG25012-I1KG25014,W1KG25012
W1KG14676-I1KG15764,W1KG14676
W3CN4280-I3CN4306,W3CN4280
W2PD17637-I2PD19276,W2PD17637
W1KG18631-I1KG20660,W1KG18631
W8LS20643-I8LS20645,W8LS20643
W3PD398-I4PD3256,W3PD398
W1KG14652-I1KG15731,W1KG14652
W20841-5675,W20841
W3PD363-I2PD17845,W3PD363
W3CN5054-I3CN5056,W3CN5054
