{
  "status": "done",
  "assets": {
    "8967124136190c7842d863e4a862a528.png": {
      "name": "8967124136190c7842d863e4a862a528.png",
      "path": "D:\\work\\Lopenling-App\\parkhang\\frontend\\static\\bundles\\8967124136190c7842d863e4a862a528.png",
      "publicPath": "/static/bundles/8967124136190c7842d863e4a862a528.png"
    },
    "375e0e9056137a8eb3c9bbcb876efbdc.png": {
      "name": "375e0e9056137a8eb3c9bbcb876efbdc.png",
      "path": "D:\\work\\Lopenling-App\\parkhang\\frontend\\static\\bundles\\375e0e9056137a8eb3c9bbcb876efbdc.png",
      "publicPath": "/static/bundles/375e0e9056137a8eb3c9bbcb876efbdc.png"
    },
    "b81eedeb7a90a13b48c4a1185a58ca30.png": {
      "name": "b81eedeb7a90a13b48c4a1185a58ca30.png",
      "path": "D:\\work\\Lopenling-App\\parkhang\\frontend\\static\\bundles\\b81eedeb7a90a13b48c4a1185a58ca30.png",
      "publicPath": "/static/bundles/b81eedeb7a90a13b48c4a1185a58ca30.png"
    },
    "ea9a1cd4d17aad5a9c5bdfde6acaad2e.png": {
      "name": "ea9a1cd4d17aad5a9c5bdfde6acaad2e.png",
      "path": "D:\\work\\Lopenling-App\\parkhang\\frontend\\static\\bundles\\ea9a1cd4d17aad5a9c5bdfde6acaad2e.png",
      "publicPath": "/static/bundles/ea9a1cd4d17aad5a9c5bdfde6acaad2e.png"
    },
    "styles-615aed97f9dba2fe6759.css": {
      "name": "styles-615aed97f9dba2fe6759.css",
      "path": "D:\\work\\Lopenling-App\\parkhang\\frontend\\static\\bundles\\styles-615aed97f9dba2fe6759.css",
      "publicPath": "/static/bundles/styles-615aed97f9dba2fe6759.css"
    },
    "parkhang-615aed97f9dba2fe6759.js": {
      "name": "parkhang-615aed97f9dba2fe6759.js",
      "path": "D:\\work\\Lopenling-App\\parkhang\\frontend\\static\\bundles\\parkhang-615aed97f9dba2fe6759.js",
      "publicPath": "/static/bundles/parkhang-615aed97f9dba2fe6759.js"
    },
    "vendors~docx-615aed97f9dba2fe6759.js": {
      "name": "vendors~docx-615aed97f9dba2fe6759.js",
      "path": "D:\\work\\Lopenling-App\\parkhang\\frontend\\static\\bundles\\vendors~docx-615aed97f9dba2fe6759.js",
      "publicPath": "/static/bundles/vendors~docx-615aed97f9dba2fe6759.js"
    },
    "2.styles-615aed97f9dba2fe6759.css": {
      "name": "2.styles-615aed97f9dba2fe6759.css",
      "path": "D:\\work\\Lopenling-App\\parkhang\\frontend\\static\\bundles\\2.styles-615aed97f9dba2fe6759.css",
      "publicPath": "/static/bundles/2.styles-615aed97f9dba2fe6759.css"
    },
    "2-615aed97f9dba2fe6759.js": {
      "name": "2-615aed97f9dba2fe6759.js",
      "path": "D:\\work\\Lopenling-App\\parkhang\\frontend\\static\\bundles\\2-615aed97f9dba2fe6759.js",
      "publicPath": "/static/bundles/2-615aed97f9dba2fe6759.js"
    },
    "3.styles-615aed97f9dba2fe6759.css": {
      "name": "3.styles-615aed97f9dba2fe6759.css",
      "path": "D:\\work\\Lopenling-App\\parkhang\\frontend\\static\\bundles\\3.styles-615aed97f9dba2fe6759.css",
      "publicPath": "/static/bundles/3.styles-615aed97f9dba2fe6759.css"
    },
    "3-615aed97f9dba2fe6759.js": {
      "name": "3-615aed97f9dba2fe6759.js",
      "path": "D:\\work\\Lopenling-App\\parkhang\\frontend\\static\\bundles\\3-615aed97f9dba2fe6759.js",
      "publicPath": "/static/bundles/3-615aed97f9dba2fe6759.js"
    },
    "4.styles-615aed97f9dba2fe6759.css": {
      "name": "4.styles-615aed97f9dba2fe6759.css",
      "path": "D:\\work\\Lopenling-App\\parkhang\\frontend\\static\\bundles\\4.styles-615aed97f9dba2fe6759.css",
      "publicPath": "/static/bundles/4.styles-615aed97f9dba2fe6759.css"
    },
    "4-615aed97f9dba2fe6759.js": {
      "name": "4-615aed97f9dba2fe6759.js",
      "path": "D:\\work\\Lopenling-App\\parkhang\\frontend\\static\\bundles\\4-615aed97f9dba2fe6759.js",
      "publicPath": "/static/bundles/4-615aed97f9dba2fe6759.js"
    },
    "styles-615aed97f9dba2fe6759.css.map": {
      "name": "styles-615aed97f9dba2fe6759.css.map",
      "path": "D:\\work\\Lopenling-App\\parkhang\\frontend\\static\\bundles\\styles-615aed97f9dba2fe6759.css.map",
      "publicPath": "/static/bundles/styles-615aed97f9dba2fe6759.css.map"
    },
    "2.styles-615aed97f9dba2fe6759.css.map": {
      "name": "2.styles-615aed97f9dba2fe6759.css.map",
      "path": "D:\\work\\Lopenling-App\\parkhang\\frontend\\static\\bundles\\2.styles-615aed97f9dba2fe6759.css.map",
      "publicPath": "/static/bundles/2.styles-615aed97f9dba2fe6759.css.map"
    },
    "3.styles-615aed97f9dba2fe6759.css.map": {
      "name": "3.styles-615aed97f9dba2fe6759.css.map",
      "path": "D:\\work\\Lopenling-App\\parkhang\\frontend\\static\\bundles\\3.styles-615aed97f9dba2fe6759.css.map",
      "publicPath": "/static/bundles/3.styles-615aed97f9dba2fe6759.css.map"
    },
    "4.styles-615aed97f9dba2fe6759.css.map": {
      "name": "4.styles-615aed97f9dba2fe6759.css.map",
      "path": "D:\\work\\Lopenling-App\\parkhang\\frontend\\static\\bundles\\4.styles-615aed97f9dba2fe6759.css.map",
      "publicPath": "/static/bundles/4.styles-615aed97f9dba2fe6759.css.map"
    }
  },
  "chunks": {
    "parkhang": [
      "styles-615aed97f9dba2fe6759.css",
      "parkhang-615aed97f9dba2fe6759.js",
      "styles-615aed97f9dba2fe6759.css.map"
    ]
  },
  "publicPath": "/static/bundles/"
}