{
  "particles":
  {
    "dreldra": ["གི", "ཀྱི", "གྱི", "ཡི"],
    "jedra": ["གིས", "ཀྱིས", "གྱིས", "ཡིས"],
    "ladon": ["སུ", "ཏུ", "དུ", "རུ"], 
    "lhakce": ["སྟེ", "ཏེ", "དེ"], 
    "gyendu": ["ཀྱང", "ཡང", "འང"], 
    "jedu": ["གམ", "ངམ", "དམ", "ནམ", "བམ", "མམ", "འམ", "རམ", "ལམ", "སམ", "ཏམ"], 
    "dagdra_pa": ["པ", "བ"],
    "dagdra_po": ["པོ", "བོ"], 
    "lardu": ["གོ", "ངོ", "དོ", "ནོ", "བོ", "མོ", "འོ", "རོ", "ལོ", "སོ", "ཏོ"],
    "cing": ["ཅིང", "ཤིང", "ཞིང"], 
    "ces": ["ཅེས", "ཞེས"], 
    "ceo": ["ཅེའོ", "ཤེའོ", "ཞེའོ"],
    "cena": ["ཅེ་ན", "ཤེ་ན", "ཞེ་ན"], 
    "cig": ["ཅིག", "ཤིག", "ཞིག"], 
    "gin": ["ཀྱིན", "གིན", "གྱིན"]
  } ,
  "corrections":
  {
    "dreldra": {"ད": "ཀྱི", "བ": "ཀྱི", "ས": "ཀྱི", "ག": "གི", "ང": "གི", "ན": "གྱི", "མ": "གྱི", "ར": "གྱི", "ལ": "གྱི", "འ": "ཡི", "མཐའ་མེད": "ཡི", "ད་དྲག": "གྱི"},
    "jedra": {"ད": "ཀྱིས", "བ": "ཀྱིས", "ས": "ཀྱིས", "ག": "གིས", "ང": "གིས", "ན": "གྱིས", "མ": "གྱིས", "ར": "གྱིས", "ལ": "གྱིས", "འ": "ཡིས", "མཐའ་མེད": "ཡིས", "ད་དྲག": "གྱིས"},
    "ladon": {"ག": "ཏུ", "བ": "ཏུ", "ང": "དུ", "ད": "དུ", "ན": "དུ", "མ": "དུ", "ར": "དུ", "ལ": "དུ", "འ": "རུ", "ས": "སུ", "མཐའ་མེད": "རུ", "ད་དྲག": "ཏུ"},
    "lhakce": {"ན": "ཏེ", "ར": "ཏེ", "ལ": "ཏེ", "ས": "ཏེ", "ད": "དེ", "ག": "སྟེ", "ང": "སྟེ", "བ": "སྟེ", "མ": "སྟེ", "འ": "སྟེ", "མཐའ་མེད": "སྟེ", "ད་དྲག": "ཏེ"},
    "gyendu": {"ག": "ཀྱང", "ད": "ཀྱང", "བ": "ཀྱང", "ས": "ཀྱང", "འ": "ཡང", "ང": "ཡང", "ན": "ཡང", "མ": "ཡང", "ར": "ཡང", "ལ": "ཡང", "མཐའ་མེད": "ཡང", "ད་དྲག": "ཀྱང"},
    "jedu": {"ག": "གམ", "ང": "ངམ", "ད་དྲག": "ཏམ", "ད": "དམ", "ན": "ནམ", "བ": "བམ", "མ": "མམ", "འ": "འམ", "ར": "རམ","ལ": "ལམ", "ས": "སམ", "མཐའ་མེད": "འམ"},
    "dagdra_pa": {"ག": "པ", "ད": "པ", "བ": "པ", "ས": "པ", "ན": "པ", "མ": "པ", "ང": "བ", "འ": "བ", "ར": "བ", "ལ": "བ", "མཐའ་མེད": "བ", "ད་དྲག": "པ"},
    "dagdra_po": {"ག": "པོ", "ད": "པོ", "བ": "པོ", "ས": "པོ", "ན": "པོ", "མ": "པོ", "ང": "བོ", "འ": "བོ", "ར": "བོ", "ལ": "བོ", "མཐའ་མེད": "བོ", "ད་དྲག": "པོ"},
    "lardu": {"ག": "གོ", "ང": "ངོ", "ད": "དོ", "ན": "ནོ", "བ": "བོ", "མ": "མོ", "འ": "འོ", "ར": "རོ", "ལ": "ལོ", "ས": "སོ", "མཐའ་མེད": "འོ", "ད་དྲག": "ཏོ"},
    "cing": {"ག": "ཅིང", "ད": "ཅིང", "བ": "ཅིང", "ང": "ཞིང", "ན": "ཞིང", "མ": "ཞིང", "འ": "ཞིང", "ར": "ཞིང","ལ": "ཞིང", "ས": "ཤིང", "མཐའ་མེད": "ཞིང", "ད་དྲག": "ཅིང"},
    "ces": {"ག": "ཅེས", "ད": "ཅེས", "བ": "ཅེས", "ང": "ཞེས", "ན": "ཞེས", "མ": "ཞེས", "འ": "ཞེས", "ར": "ཞེས", "ལ": "ཞེས", "ས": "ཞེས", "མཐའ་མེད": "ཞེས", "ད་དྲག": "ཅེས"},
    "ceo": {"ག": "ཅེའོ", "ད": "ཅེའོ", "བ": "ཅེའོ", "ང": "ཞེའོ", "ན": "ཞེའོ", "མ": "ཞེའོ", "འ": "ཞེའོ", "ར": "ཞེའོ", "ལ": "ཞེའོ", "ས": "ཤེའོ", "མཐའ་མེད": "ཞེའོ", "ད་དྲག": "ཅེའོ"},
    "cena": {"ག": "ཅེ་ན", "ད": "ཅེ་ན", "བ": "ཅེ་ན", "ང": "ཞེ་ན", "ན": "ཞེ་ན", "མ": "ཞེ་ན", "འ": "ཞེ་ན", "ར": "ཞེ་ན", "ལ": "ཞེ་ན", "ས": "ཤེ་ན", "མཐའ་མེད": "ཞེ་ན", "ད་དྲག": "ཅེ་ན"},
    "cig": {"ག": "ཅིག", "ད": "ཅིག", "བ": "ཅིག", "ང": "ཞིག", "ན": "ཞིག", "མ": "ཞིག", "འ": "ཞིག", "ར": "ཞིག", "ལ": "ཞིག", "ས": "ཤིག", "མཐའ་མེད": "ཞིག", "ད་དྲག": "ཅིག"},
    "gin": {"ད": "ཀྱིན", "བ": "ཀྱིན", "ས": "ཀྱིན", "ག": "གིན", "ང": "གིན", "ན": "གྱིན", "མ": "གྱིན", "ར": "གྱིན", "ལ": "གྱིན", "ད་དྲག": "ཀྱིན"}
  }
}