{
  "dadrag" : ["ཀུན", "ཤིན", "འོན"],

  "roots" : {
            "ཀ": "A", "ཀྱ": "A", "ཀྲ": "A", "ཀླ": "A", "དཀ": "NB", "དཀྱ": "A", "དཀྲ": "A", "དཀླ": "A", "བཀ": "NB", "བཀྱ": "A", "བཀྲ": "A", "བཀླ": "A", "རྐ": "A", "རྐྱ": "A", "ལྐ": "A", "སྐ": "A", "སྐྱ": "A", "སྐྲ": "A", "བརྐ": "A", "བརྐྱ": "A", "བསྐ": "A", "བསྐྱ": "A", "བསྐྲ": "A", "ཀའུ": "C", "ཀིའུ": "C", "ཀེའུ": "C", "ཀོའུ": "C", "ཀྲུའུ": "C", "ཀྭའི": "C", "ཀྭ": "C", "ཀརྨ": "C",
            "ཁ": "A", "ཁྱ": "A", "ཁྲ": "A", "མཁ": "NB", "མཁྱ": "A", "མཁྲ": "A", "འཁ": "NB", "འཁྱ": "A", "འཁྲ": "A", "ཁེའུ": "C", "ཁྱིའུ": "C", "ཁྱེའུ": "C", "ཁྲིའུ": "C", "ཁྲུའུ": "C", "ཁྲེའུ": "C", "ཁྭ": "C",
            "ག": "A", "གྱ": "A", "གྲ": "A", "གླ": "A", "དག": "NB", "དགྱ": "A", "དགྲ": "A", "བག": "NB", "བགྱ": "A", "བགྲ": "A", "མག": "NB", "མགྱ": "A", "མགྲ": "A", "འག": "NB", "འགྱ": "A", "འགྲ": "A", "རྒ": "A", "རྒྱ": "A", "ལྒ": "A", "སྒ": "A", "སྒྱ": "A", "སྒྲ": "A", "བརྒ": "A", "བརྒྱ": "A", "བསྒ": "A", "བསྒྱ": "A", "བསྒྲ": "A", "གའུ": "C", "གྲིའུ": "C", "གྲེའུ": "C", "གླེའུ": "C", "འགིའུ": "C", "འགོའུ": "C", "རྒེའུ": "C", "སྒའུ": "C", "སྒེའུ": "C", "སྒྱེའུ": "C", "སྒྲེའུ": "C", "གྭ": "C", "གྲྭ": "C",
            "ང": "A", "དང": "NB", "མང": "NB", "རྔ": "A", "ལྔ": "A", "སྔ": "A", "བརྔ": "A", "བསྔ": "A", "རྔེའུ": "C", "སྔེའུ": "C",
            "ཅ": "A", "གཅ": "NB", "བཅ": "NB", "ལྕ": "A", "གཅིའུ": "C", "གཅེའུ": "C", "ལྕེའུ": "C",
            "ཆ": "A", "མཆ": "NB", "འཆ": "NB",
            "ཇ": "A", "མཇ": "NB", "འཇ": "NB", "རྗ": "A", "ལྗ": "A", "བརྗ": "A", "རྗེའུ": "C",
            "ཉ": "A", "གཉ": "NB", "མཉ": "NB", "རྙ": "A", "སྙ": "A", "བརྙ": "A", "བསྙ": "A", "ཉེའུ": "C", "སྙེའུ": "C", "ཉྭ": "C",
            "ཏ": "A", "ཏྲ": "A", "གཏ": "NB", "གཏྲ": "A", "བཏ": "NB", "བཏྲ": "A", "རྟ": "A", "ལྟ": "A", "སྟ": "A", "བརྟ": "A", "བལྟ": "A", "བསྟ": "A", "ཏེའུ": "C", "གཏེའུ": "C", "རྟའུ": "C", "རྟེའུ": "C", "སྟེའུ": "C", "སྟྭ": "C",
            "ཐ": "A", "ཐྲ": "A", "མཐ": "NB", "འཐ": "NB", "ཐིའུ": "C", "ཐུའུ": "C", "ཐེའུ": "C", "ཐོའུ": "C", "མཐེའུ": "C",
            "ད": "A", "དྲ": "A", "གད": "NB", "བད": "NB", "མད": "NB", "འད": "NB", "འདྲ": "A", "རྡ": "A", "ལྡ": "A", "སྡ": "A", "བརྡ": "A", "བལྡ": "A", "བསྡ": "A", "དུའུ": "C", "དེའུ": "C", "དྲེའུ": "C", "མདེའུ": "C", "རྡེའུ": "C", "སྡེའུ": "C", "དྲྭ": "C", "དྭ": "C", "དྭོ": "C",
            "ན": "A", "གན": "NB", "མན": "NB", "རྣ": "A", "སྣ": "A", "སྣྲ": "A", "བརྣ": "A", "བསྣ": "A", "ནའུ": "C", "ནེའུ": "C", "ནོའུ": "C", "སྣེའུ": "C",
            "པ": "A", "པྱ": "A", "པྲ": "A", "དཔ": "NB", "དཔྱ": "A", "དཔྲ": "A", "ལྤ": "A", "སྤ": "A", "སྤྱ": "A", "སྤྲ": "A", "དཔེའུ": "C", "སྤའུ": "C", "སྤེའུ": "C", "སྤྱིའུ": "C", "སྤྲེའུ": "C", "པདྨ": "C",
            "ཕ": "A", "ཕྱ": "A", "ཕྲ": "A", "འཕ": "NB", "འཕྱ": "A", "འཕྲ": "A", "ཕེའུ": "C", "ཕྲའུ": "C", "ཕྲེའུ": "C", "འཕེའུ": "C", "ཕྱྭ": "C",
            "བ": "A", "བྱ": "A", "བྲ": "A", "བླ": "A", "དབ": "NB", "དབྱ": "A", "དབྲ": "A", "འབ": "NB", "འབྱ": "A", "འབྲ": "A", "རྦ": "A", "ལྦ": "A", "སྦ": "A", "སྦྱ": "A", "སྦྲ": "A", "བེའུ": "C", "བྱའུ": "C", "བྱིའུ": "C", "བྱེའུ": "C", "བྲའུ": "C", "བྲའོ": "C", "བྲེའུ": "C", "བྲོའུ": "C", "འབེའུ": "C", "སྦྲེའུ": "C",
            "མ": "A", "མྱ": "A", "མྲ": "A", "དམ": "NB", "དམྱ": "A", "དམྲ": "A", "རྨ": "A", "རྨྱ": "A", "སྨ": "A", "སྨྱ": "A", "སྨྲ": "A", "མིའུ": "C", "མུའུ": "C", "མོའུ": "C", "མྱིའུ": "C", "རྨེའུ": "C", "སྨེའུ": "C",
            "ཙ": "A", "གཙ": "NB", "བཙ": "NB", "རྩ": "A", "སྩ": "A", "བརྩ": "A", "བསྩ": "A", "ཙིའུ": "C", "ཙེའུ": "C", "གཙེའུ": "C", "རྩེའུ": "C", "རྩྭ": "C",
            "ཚ": "A", "མཚ": "NB", "འཚ": "NB", "ཚའུ": "C", "ཚུའུ": "C", "ཚེའུ": "C", "མཚེའུ": "C", "ཚྭ": "C",
            "ཛ": "A", "མཛ": "NB", "འཛ": "NB", "རྫ": "A", "བརྫ": "A", "རྫིའུ": "C", "རྫེའུ": "C", "གཞུའུ": "C",
            "ཝ": "A",
            "ཞ": "A", "གཞ": "NB", "བཞ": "NB", "ཞྭ": "C",
            "ཟ": "A", "ཟླ": "A", "གཟ": "NB", "བཟ": "NB", "བཟླ": "A", "ཟེའུ": "C", "ཟྭ": "C",
            "འ": "A",
            "ཡ": "A", "གཡ": "NB", "ཡེའུ": "C", "གཡིའུ": "C",
            "ར": "A", "རླ": "A", "བརླ": "A", "རེའུ": "C", "རྭ": "C",
            "ལ": "A", "ལའུ": "C", "ལིའུ": "C", "ལེའུ": "C", "ལོའུ": "C", "ལྭ": "C",
            "ཤ": "A", "གཤ": "NB", "བཤ": "NB", "ཤའུ": "C", "ཤེའུ": "C", "ཤྭ": "C",
            "ས": "A", "སྲ": "A", "སླ": "A", "གས": "NB", "བས": "NB", "བསྲ": "A", "བསླ": "A", "སིའུ": "C", "སེའུ": "C", "སྲིའུ": "C", "སླེའུ": "C", "བསེའུ": "C", "སླེའོ": "C", "བསྭོ": "C", "སྭ": "C", "བསྭ": "C",
            "ཧ": "A", "ཧྲ": "A", "ལྷ": "A", "ཧུའུ": "C", "ཧེའུ": "C", "ཧྲུའུ": "C", "ཧྭ": "C",
            "ཨ": "A"},

  "suffixes" : ["འ", "ག", "གས", "ང", "ངས", "ད", "ན", "བ", "བས", "མ", "མས", "ལ", "འི", "འོ", "འང", "འམ", "ར", "ས", "འིའོ",
                "ི", "ིག", "ིགས", "ིང", "ིངས", "ིད", "ིན", "ིབ", "ིབས", "ིམ", "ིམས", "ིལ", "ིའི", "ིའོ", "ིའང", "ིའམ", "ིར", "ིས", "ིའིའོ",
                "ུ", "ུག", "ུགས", "ུང", "ུངས", "ུད", "ུན", "ུབ", "ུབས", "ུམ", "ུམས", "ུལ", "ུའི", "ུའོ", "ུའང", "ུའམ", "ུར", "ུས", "ུའིའོ",
                "ེ", "ེག", "ེགས", "ེང", "ེངས", "ེད", "ེན", "ེབ", "ེབས", "ེམ", "ེམས", "ེལ", "ེའི", "ེའོ", "ེའང", "ེའམ", "ེར", "ེས", "ེའིའོ",
                "ོ", "ོག", "ོགས", "ོང", "ོངས", "ོད", "ོན", "ོབ", "ོབས", "ོམ", "ོམས", "ོལ", "ོའི", "ོའོ", "ོའང", "ོའམ", "ོར", "ོས", "ོའིའོ"],

  "Csuffixes" : ["འི", "འོ", "འང", "འམ", "ར", "ས"],

  "special" : ["བགླ", "མདྲོན", "བརྡའ", "བརྟའ"],

  "wazurs" : ["ཧྭག", "ཀྭས", "ཁྭངས", "ཧྭང", "ཀྭན", "དྭགས", "ཧྭགས", "དྭངས", "ཏྭོན", "དྭོགས"],

  "ambiguous" : {"མངས": ["མ", "ངས"], "མགས": ["མ", "གས"], "དབས": ["ད", "བས"], "དངས": ["ད", "ངས"], "དགས": ["དག", "ས"],
                "དམས": ["དམ", "ས"], "བགས": ["བ", "གས"], "འབས": ["འབ", "ས"], "འགས": ["འག", "ས"]},

  "m_roots" : { "ཀ": "ཀ", "ཀྱ": "ཀ", "ཀྲ": "ཀ", "ཀླ": "ླ", "དཀ": "ཀ", "དཀྱ": "ཀ", "དཀྲ": "ཀ", "དཀླ": "ལ", "བཀ": "ཀ", "བཀྱ": "ཀ", "བཀྲ": "ཀ", "བཀླ": "ླ", "རྐ": "ྐ", "རྐྱ": "ྐ", "ལྐ": "ྐ", "སྐ": "ྐ", "སྐྱ": "ྐ", "སྐྲ": "ྐ", "བརྐ": "ྐ", "བརྐྱ": "ྐ", "བསྐ": "ྐ", "བསྐྱ": "ྐ", "བསྐྲ": "ྐ",
                "ཁ": "ཁ", "ཁྱ": "ཁ", "ཁྲ": "ཁ", "མཁ": "ཁ", "མཁྱ": "ཁ", "མཁྲ": "ཁ", "འཁ": "ཁ", "འཁྱ": "ཁ", "འཁྲ": "ཁ",
                "ག": "ག", "གྱ": "ག", "གྲ": "ག", "གླ": "ླ", "དག": "ག", "དགྱ": "ག", "དགྲ": "ག", "བག": "ག", "བགྱ": "ག", "བགྲ": "ག", "མག": "ག", "མགྱ": "ག", "མགྲ": "ག", "འག": "ག", "འགྱ": "ག", "འགྲ": "ག", "རྒ": "ྒ", "རྒྱ": "ྒ", "ལྒ": "ྒ", "སྒ": "ྒ", "སྒྱ": "ྒ", "སྒྲ": "ྒ", "བརྒ": "ྒ", "བརྒྱ": "ྒ", "བསྒ": "ྒ", "བསྒྱ": "ྒ", "བསྒྲ": "ྒ",
                "ང": "ང", "དང": "ང", "མང": "ང", "རྔ": "ྔ", "ལྔ": "ྔ", "སྔ": "ྔ", "བརྔ": "ྔ", "བསྔ": "ྔ", "ཅ": "ཅ", "གཅ": "ཅ", "བཅ": "ཅ", "ལྕ": "ྕ",
                "ཆ": "ཆ", "མཆ": "ཆ", "འཆ": "ཆ",
                "ཇ": "ཇ", "མཇ": "ཇ", "འཇ": "ཇ", "རྗ": "ྗ", "ལྗ": "ྗ", "བརྗ": "ྗ",
                "ཉ": "ཉ", "གཉ": "ཉ", "མཉ": "ཉ", "རྙ": "ྙ", "སྙ": "ྙ", "བརྙ": "ྙ", "བསྙ": "ྙ", "ཏ": "ཏ",
                "ཏྲ": "ཏ", "གཏ": "ཏ", "གཏྲ": "ཏ", "བཏ": "ཏ", "བཏྲ": "ཏ", "རྟ": "ྟ", "ལྟ": "ྟ", "སྟ": "ྟ", "བརྟ": "ྟ", "བལྟ": "ྟ", "བསྟ": "ྟ",
                "ཐ": "ཐ", "ཐྲ": "ཐ", "མཐ": "ཐ", "འཐ": "ཐ",
                "ད": "ད", "དྲ": "ད", "གད": "ད", "བད": "ད", "མད": "ད", "འད": "ད", "འདྲ": "ད", "རྡ": "ྡ", "ལྡ": "ྡ", "སྡ": "ྡ", "བརྡ": "ྡ", "བལྡ": "ྡ", "བསྡ": "ྡ",
                "ན": "ན", "གན": "ན", "མན": "ན", "རྣ": "ྣ", "སྣ": "ྣ", "སྣྲ": "ྣ", "བརྣ": "ྣ", "བསྣ": "ྣ",
                "པ": "པ", "པྱ": "པ", "པྲ": "པ", "དཔ": "པ", "དཔྱ": "པ", "དཔྲ": "པ", "ལྤ": "ྤ", "སྤ": "ྤ", "སྤྱ": "ྤ", "སྤྲ": "ྤ",
                "ཕ": "ཕ", "ཕྱ": "ཕ", "ཕྲ": "ཕ", "འཕ": "ཕ", "འཕྱ": "ཕ", "འཕྲ": "ཕ",
                "བ": "བ", "བྱ": "བ", "བྲ": "བ", "བླ": "ླ", "དབ": "བ", "དབྱ": "བ", "དབྲ": "བ", "འབ": "བ", "འབྱ": "བ", "འབྲ": "བ", "རྦ": "ྦ", "ལྦ": "ྦ", "སྦ": "ྦ", "སྦྱ": "ྦ", "སྦྲ": "ྦ",
                "མ": "མ", "མྱ": "མ", "མྲ": "མ", "དམ": "མ", "དམྱ": "མ", "དམྲ": "མ", "རྨ": "ྨ", "རྨྱ": "ྨ", "སྨ": "ྨ", "སྨྱ": "ྨ", "སྨྲ": "ྨ",
                "ཙ": "ཙ", "གཙ": "ཙ", "བཙ": "ཙ", "རྩ": "ྩ", "སྩ": "ྩ", "བརྩ": "ྩ", "བསྩ": "ྩ",
                "ཚ": "ཚ", "མཚ": "ཚ", "འཚ": "ཚ",
                "ཛ": "ཛ", "མཛ": "ཛ", "འཛ": "ཛ", "རྫ": "ྫ", "བརྫ": "ྫ",
                "ཝ": "ཝ",
                "ཞ": "ཞ", "གཞ": "ཞ", "བཞ": "ཞ",
                "ཟ": "ཟ", "ཟླ": "ླ", "གཟ": "ཟ", "བཟ": "ཟ", "བཟླ": "ླ",
                "འ": "འ",
                "ཡ": "ཡ", "གཡ": "ཡ",
                "ར": "ར", "རླ": "ླ", "བརླ": "ླ",
                "ལ": "ལ",
                "ཤ": "ཤ", "གཤ": "ཤ", "བཤ": "ཤ",
                "ས": "ས", "སྲ": "ས", "སླ": "ླ", "གས": "ས", "བས": "ས", "བསྲ": "ས", "བསླ": "ླ",
                "ཧ": "ཧ", "ཧྲ": "ཧ", "ལྷ": "ྷ",
                "ཨ": "ཨ",
                "ཀའུ": "འ", "ཀིའུ": "འ", "ཀེའུ": "འ", "ཀོའུ": "འ", "ཀྲུའུ": "འ", "ཁེའུ": "འ", "ཁྱིའུ": "འ",
                "ཁྱེའུ": "འ", "ཁྲིའུ": "འ", "ཁྲུའུ": "འ", "ཁྲེའུ": "འ", "གའུ": "འ", "གྲིའུ": "འ", "གྲེའུ": "འ",
                "གླེའུ": "འ", "འགིའུ": "འ", "འགོའུ": "འ", "རྒེའུ": "འ", "སྒའུ": "འ", "སྒེའུ": "འ",
                "སྒྱེའུ": "འ", "སྒྲེའུ": "འ", "རྔེའུ": "འ", "སྔེའུ": "འ", "གཅིའུ": "འ", "གཅེའུ": "འ",
                "ལྕེའུ": "འ", "རྗེའུ": "འ", "ཉེའུ": "འ", "སྙེའུ": "འ", "ཏེའུ": "འ", "གཏེའུ": "འ", "རྟའུ": "འ",
                "རྟེའུ": "འ", "སྟེའུ": "འ", "ཐིའུ": "འ", "ཐུའུ": "འ", "ཐེའུ": "འ", "ཐོའུ": "འ", "མཐེའུ": "འ",
                "དུའུ": "འ", "དེའུ": "འ", "དྲེའུ": "འ", "མདེའུ": "འ", "རྡེའུ": "འ", "སྡེའུ": "འ", "ནའུ": "འ",
                "ནེའུ": "འ", "ནོའུ": "འ", "སྣེའུ": "འ", "དཔེའུ": "འ", "སྤའུ": "འ", "སྤེའུ": "འ", "སྤྱིའུ": "འ",
                "སྤྲེའུ": "འ", "ཕེའུ": "འ", "ཕྲའུ": "འ", "ཕྲེའུ": "འ", "འཕེའུ": "འ", "བེའུ": "འ", "བྱའུ": "འ",
                "བྱིའུ": "འ", "བྱེའུ": "འ", "བྲའུ": "འ", "བྲའོ": "འ", "བྲེའུ": "འ", "བྲོའུ": "འ", "འབེའུ": "འ",
                "སྦྲེའུ": "འ", "མིའུ": "འ", "མུའུ": "འ", "མོའུ": "འ", "མྱིའུ": "འ", "རྨེའུ": "འ", "སྨེའུ": "འ",
                "ཙིའུ": "འ", "ཙེའུ": "འ", "གཙེའུ": "འ", "རྩེའུ": "འ", "ཚའུ": "འ", "ཚུའུ": "འ", "ཚེའུ": "འ",
                "མཚེའུ": "འ", "རྫིའུ": "འ", "རྫེའུ": "འ", "གཞུའུ": "འ", "ཟེའུ": "འ", "ཡེའུ": "འ", "གཡིའུ": "འ",
                "རེའུ": "འ", "ལའུ": "འ", "ལིའུ": "འ", "ལེའུ": "འ", "ལོའུ": "འ", "ཤའུ": "འ", "ཤེའུ": "འ",
                "སིའུ": "འ", "སེའུ": "འ", "སྲིའུ": "འ", "སླེའུ": "འ", "བསེའུ": "འ", "སླེའོ": "འ", "ཧུའུ": "འ",
                "ཧེའུ": "འ", "ཧྲུའུ": "འ", "སྟྭ": "ྟ", "གྭ": "ག", "ཞྭ": "ཞ", "ཁྭ": "ཁ", "དྲྭ": "ད", "ཀྭའི": "ཀ",
                "བསྭོ": "ས", "དྭ": "ད", "རྭ": "ར", "སྭ": "ས", "ཤྭ": "ཤ", "ཧྭ": "ཧ", "ལྭ": "ལ", "ཕྱྭ": "ཕ",
                "ཟྭ": "ཟ", "ཀྭ": "ཀ", "དྭོ": "ད", "ཉྭ": "ཉ", "ཚྭ": "ཚ", "རྩྭ": "ྩ", "བསྭ": "ས", "གྲྭ": "ག",
                "ཧྭག": "ཧ", "ཀྭས": "ཀ", "ཁྭངས": "ཁ", "ཧྭང": "ཧ", "ཀྭན": "ཀ", "དྭགས": "ད", "ཧྭགས": "ཧ",
                "དྭངས": "ད", "དྭོགས": "ད", "ཏྭོན": "ཏ", "ཧྤ": "ྤ", "ཀརྨ": "ྨ", "པདྨ": "ྨ"},

  "m_exceptions" : {"བགླ": "ླ", "མདྲོན": "ད", "བརྡའ": "ྡ", "བརྟའ": "ྟ"},

  "m_wazurs" : {"ཧྭག": "ཧ", "ཀྭས": "ཀ", "ཁྭངས": "ཁ", "ཧྭང": "ཧ", "ཀྭན": "ཀ", "དྭགས": "ད", "ཧྭགས": "ཧ", "དྭངས": "ད", "ཏྭོན": "ཏ"}
}
