{"textAnnotations": [{"locale": "und", "description": "\u0f04\u0f05\u0f0d \u0f0d\u0f64\u0f7a\u0f66\u0f62\u0f56\u0f0b\u0f66\u0f99\u0f72\u0f44\u0f0b\u0f54\u0f7c\u0f0b\u0f56\u0f5e\u0f74\u0f42\u0f66\u0f0b\u0f66\u0f7c\u0f0d\u0f0d\n533", "boundingPoly": {"vertices": [{"x": 1224, "y": 382}, {"x": 2840, "y": 382}, {"x": 2840, "y": 520}, {"x": 1224, "y": 520}], "normalizedVertices": []}, "mid": "", "score": 0.0, "confidence": 0.0, "topicality": 0.0, "locations": [], "properties": []}, {"description": "\u0f04", "boundingPoly": {"vertices": [{"x": 1224, "y": 399}, {"x": 1281, "y": 398}, {"x": 1284, "y": 518}, {"x": 1227, "y": 519}], "normalizedVertices": []}, "mid": "", "locale": "", "score": 0.0, "confidence": 0.0, "topicality": 0.0, "locations": [], "properties": []}, {"description": "\u0f05", "boundingPoly": {"vertices": [{"x": 1291, "y": 398}, {"x": 1312, "y": 398}, {"x": 1315, "y": 517}, {"x": 1294, "y": 518}], "normalizedVertices": []}, "mid": "", "locale": "", "score": 0.0, "confidence": 0.0, "topicality": 0.0, "locations": [], "properties": []}, {"description": "\u0f0d", "boundingPoly": {"vertices": [{"x": 1317, "y": 397}, {"x": 1331, "y": 397}, {"x": 1334, "y": 517}, {"x": 1320, "y": 517}], "normalizedVertices": []}, "mid": "", "locale": "", "score": 0.0, "confidence": 0.0, "topicality": 0.0, "locations": [], "properties": []}, {"description": "\u0f0d", "boundingPoly": {"vertices": [{"x": 1388, "y": 396}, {"x": 1409, "y": 396}, {"x": 1412, "y": 515}, {"x": 1391, "y": 516}], "normalizedVertices": []}, "mid": "", "locale": "", "score": 0.0, "confidence": 0.0, "topicality": 0.0, "locations": [], "properties": []}, {"description": "\u0f64\u0f7a\u0f66", "boundingPoly": {"vertices": [{"x": 1428, "y": 395}, {"x": 1493, "y": 393}, {"x": 1496, "y": 513}, {"x": 1431, "y": 515}], "normalizedVertices": []}, "mid": "", "locale": "", "score": 0.0, "confidence": 0.0, "topicality": 0.0, "locations": [], "properties": []}, {"description": "\u0f62\u0f56\u0f0b", "boundingPoly": {"vertices": [{"x": 1502, "y": 393}, {"x": 1587, "y": 391}, {"x": 1590, "y": 511}, {"x": 1505, "y": 513}], "normalizedVertices": []}, "mid": "", "locale": "", "score": 0.0, "confidence": 0.0, "topicality": 0.0, "locations": [], "properties": []}, {"description": "\u0f66\u0f99\u0f72\u0f44\u0f0b", "boundingPoly": {"vertices": [{"x": 1600, "y": 390}, {"x": 1668, "y": 388}, {"x": 1671, "y": 509}, {"x": 1603, "y": 511}], "normalizedVertices": []}, "mid": "", "locale": "", "score": 0.0, "confidence": 0.0, "topicality": 0.0, "locations": [], "properties": []}, {"description": "\u0f54\u0f7c\u0f0b", "boundingPoly": {"vertices": [{"x": 1674, "y": 389}, {"x": 1715, "y": 388}, {"x": 1718, "y": 508}, {"x": 1677, "y": 509}], "normalizedVertices": []}, "mid": "", "locale": "", "score": 0.0, "confidence": 0.0, "topicality": 0.0, "locations": [], "properties": []}, {"description": "\u0f56\u0f5e\u0f74\u0f42\u0f66\u0f0b", "boundingPoly": {"vertices": [{"x": 1716, "y": 388}, {"x": 1894, "y": 384}, {"x": 1897, "y": 504}, {"x": 1719, "y": 508}], "normalizedVertices": []}, "mid": "", "locale": "", "score": 0.0, "confidence": 0.0, "topicality": 0.0, "locations": [], "properties": []}, {"description": "\u0f66\u0f7c", "boundingPoly": {"vertices": [{"x": 1900, "y": 384}, {"x": 1919, "y": 384}, {"x": 1922, "y": 504}, {"x": 1903, "y": 504}], "normalizedVertices": []}, "mid": "", "locale": "", "score": 0.0, "confidence": 0.0, "topicality": 0.0, "locations": [], "properties": []}, {"description": "\u0f0d\u0f0d", "boundingPoly": {"vertices": [{"x": 1923, "y": 383}, {"x": 1962, "y": 382}, {"x": 1965, "y": 502}, {"x": 1926, "y": 503}], "normalizedVertices": []}, "mid": "", "locale": "", "score": 0.0, "confidence": 0.0, "topicality": 0.0, "locations": [], "properties": []}, {"description": "533", "boundingPoly": {"vertices": [{"x": 2809, "y": 452}, {"x": 2810, "y": 390}, {"x": 2840, "y": 390}, {"x": 2839, "y": 452}], "normalizedVertices": []}, "mid": "", "locale": "", "score": 0.0, "confidence": 0.0, "topicality": 0.0, "locations": [], "properties": []}], "fullTextAnnotation": {"pages": [{"width": 3500, "height": 855, "blocks": [{"boundingBox": {"vertices": [{"x": 1224, "y": 399}, {"x": 1962, "y": 382}, {"x": 1965, "y": 503}, {"x": 1227, "y": 520}], "normalizedVertices": []}, "paragraphs": [{"boundingBox": {"vertices": [{"x": 1224, "y": 399}, {"x": 1962, "y": 382}, {"x": 1965, "y": 503}, {"x": 1227, "y": 520}], "normalizedVertices": []}, "words": [{"boundingBox": {"vertices": [{"x": 1224, "y": 399}, {"x": 1281, "y": 398}, {"x": 1284, "y": 518}, {"x": 1227, "y": 519}], "normalizedVertices": []}, "symbols": [{"boundingBox": {"vertices": [{"x": 1224, "y": 399}, {"x": 1281, "y": 398}, {"x": 1284, "y": 518}, {"x": 1227, "y": 519}], "normalizedVertices": []}, "text": "\u0f04", "confidence": 0.99991953}], "confidence": 0.99991953}, {"boundingBox": {"vertices": [{"x": 1291, "y": 398}, {"x": 1312, "y": 398}, {"x": 1315, "y": 517}, {"x": 1294, "y": 518}], "normalizedVertices": []}, "symbols": [{"boundingBox": {"vertices": [{"x": 1291, "y": 398}, {"x": 1312, "y": 398}, {"x": 1315, "y": 517}, {"x": 1294, "y": 518}], "normalizedVertices": []}, "text": "\u0f05", "confidence": 0.99880993}], "confidence": 0.99880993}, {"boundingBox": {"vertices": [{"x": 1317, "y": 397}, {"x": 1331, "y": 397}, {"x": 1334, "y": 517}, {"x": 1320, "y": 517}], "normalizedVertices": []}, "symbols": [{"property": {"detectedBreak": {"type": 1, "isPrefix": false}, "detectedLanguages": []}, "boundingBox": {"vertices": [{"x": 1317, "y": 397}, {"x": 1331, "y": 397}, {"x": 1334, "y": 517}, {"x": 1320, "y": 517}], "normalizedVertices": []}, "text": "\u0f0d", "confidence": 1.0}], "confidence": 1.0}, {"boundingBox": {"vertices": [{"x": 1388, "y": 396}, {"x": 1409, "y": 396}, {"x": 1412, "y": 515}, {"x": 1391, "y": 516}], "normalizedVertices": []}, "symbols": [{"boundingBox": {"vertices": [{"x": 1388, "y": 396}, {"x": 1409, "y": 396}, {"x": 1412, "y": 515}, {"x": 1391, "y": 516}], "normalizedVertices": []}, "text": "\u0f0d", "confidence": 1.0}], "confidence": 1.0}, {"boundingBox": {"vertices": [{"x": 1428, "y": 395}, {"x": 1493, "y": 393}, {"x": 1496, "y": 513}, {"x": 1431, "y": 515}], "normalizedVertices": []}, "symbols": [{"boundingBox": {"vertices": [{"x": 1428, "y": 395}, {"x": 1460, "y": 394}, {"x": 1463, "y": 514}, {"x": 1431, "y": 515}], "normalizedVertices": []}, "text": "\u0f64\u0f7a", "confidence": 0.9993401}, {"boundingBox": {"vertices": [{"x": 1467, "y": 394}, {"x": 1493, "y": 393}, {"x": 1496, "y": 513}, {"x": 1470, "y": 514}], "normalizedVertices": []}, "text": "\u0f66", "confidence": 0.99903923}], "confidence": 0.9991897}, {"boundingBox": {"vertices": [{"x": 1502, "y": 393}, {"x": 1587, "y": 391}, {"x": 1590, "y": 511}, {"x": 1505, "y": 513}], "normalizedVertices": []}, "symbols": [{"boundingBox": {"vertices": [{"x": 1502, "y": 393}, {"x": 1529, "y": 392}, {"x": 1532, "y": 512}, {"x": 1505, "y": 513}], "normalizedVertices": []}, "text": "\u0f62", "confidence": 0.9020057}, {"boundingBox": {"vertices": [{"x": 1539, "y": 392}, {"x": 1561, "y": 391}, {"x": 1564, "y": 511}, {"x": 1542, "y": 512}], "normalizedVertices": []}, "text": "\u0f56", "confidence": 1.0}, {"boundingBox": {"vertices": [{"x": 1564, "y": 392}, {"x": 1587, "y": 391}, {"x": 1590, "y": 511}, {"x": 1567, "y": 512}], "normalizedVertices": []}, "text": "\u0f0b", "confidence": 1.0}], "confidence": 0.9673352}, {"boundingBox": {"vertices": [{"x": 1600, "y": 390}, {"x": 1668, "y": 388}, {"x": 1671, "y": 509}, {"x": 1603, "y": 511}], "normalizedVertices": []}, "symbols": [{"boundingBox": {"vertices": [{"x": 1600, "y": 391}, {"x": 1623, "y": 390}, {"x": 1626, "y": 510}, {"x": 1603, "y": 511}], "normalizedVertices": []}, "text": "\u0f66\u0f99\u0f72", "confidence": 0.9999992}, {"boundingBox": {"vertices": [{"x": 1625, "y": 390}, {"x": 1643, "y": 390}, {"x": 1646, "y": 510}, {"x": 1628, "y": 510}], "normalizedVertices": []}, "text": "\u0f44", "confidence": 1.0}, {"boundingBox": {"vertices": [{"x": 1649, "y": 389}, {"x": 1668, "y": 389}, {"x": 1671, "y": 509}, {"x": 1652, "y": 509}], "normalizedVertices": []}, "text": "\u0f0b", "confidence": 1.0}], "confidence": 0.99999976}, {"boundingBox": {"vertices": [{"x": 1674, "y": 389}, {"x": 1715, "y": 388}, {"x": 1718, "y": 508}, {"x": 1677, "y": 509}], "normalizedVertices": []}, "symbols": [{"boundingBox": {"vertices": [{"x": 1674, "y": 389}, {"x": 1693, "y": 389}, {"x": 1696, "y": 509}, {"x": 1677, "y": 509}], "normalizedVertices": []}, "text": "\u0f54\u0f7c", "confidence": 0.9999907}, {"boundingBox": {"vertices": [{"x": 1696, "y": 388}, {"x": 1715, "y": 388}, {"x": 1718, "y": 508}, {"x": 1699, "y": 508}], "normalizedVertices": []}, "text": "\u0f0b", "confidence": 1.0}], "confidence": 0.99999535}, {"boundingBox": {"vertices": [{"x": 1716, "y": 388}, {"x": 1894, "y": 384}, {"x": 1897, "y": 504}, {"x": 1719, "y": 508}], "normalizedVertices": []}, "symbols": [{"boundingBox": {"vertices": [{"x": 1716, "y": 388}, {"x": 1745, "y": 387}, {"x": 1748, "y": 507}, {"x": 1719, "y": 508}], "normalizedVertices": []}, "text": "\u0f56", "confidence": 1.0}, {"boundingBox": {"vertices": [{"x": 1763, "y": 387}, {"x": 1794, "y": 386}, {"x": 1797, "y": 506}, {"x": 1766, "y": 507}], "normalizedVertices": []}, "text": "\u0f5e\u0f74", "confidence": 1.0}, {"boundingBox": {"vertices": [{"x": 1799, "y": 386}, {"x": 1830, "y": 385}, {"x": 1833, "y": 505}, {"x": 1802, "y": 506}], "normalizedVertices": []}, "text": "\u0f42", "confidence": 1.0}, {"boundingBox": {"vertices": [{"x": 1849, "y": 385}, {"x": 1875, "y": 384}, {"x": 1878, "y": 504}, {"x": 1852, "y": 505}], "normalizedVertices": []}, "text": "\u0f66", "confidence": 1.0}, {"boundingBox": {"vertices": [{"x": 1877, "y": 384}, {"x": 1894, "y": 384}, {"x": 1897, "y": 504}, {"x": 1880, "y": 504}], "normalizedVertices": []}, "text": "\u0f0b", "confidence": 0.9999989}], "confidence": 0.99999976}, {"boundingBox": {"vertices": [{"x": 1900, "y": 384}, {"x": 1919, "y": 384}, {"x": 1922, "y": 504}, {"x": 1903, "y": 504}], "normalizedVertices": []}, "symbols": [{"boundingBox": {"vertices": [{"x": 1900, "y": 384}, {"x": 1919, "y": 384}, {"x": 1922, "y": 504}, {"x": 1903, "y": 504}], "normalizedVertices": []}, "text": "\u0f66\u0f7c", "confidence": 0.89051974}], "confidence": 0.89051974}, {"boundingBox": {"vertices": [{"x": 1923, "y": 383}, {"x": 1962, "y": 382}, {"x": 1965, "y": 502}, {"x": 1926, "y": 503}], "normalizedVertices": []}, "symbols": [{"boundingBox": {"vertices": [{"x": 1923, "y": 383}, {"x": 1942, "y": 383}, {"x": 1945, "y": 503}, {"x": 1926, "y": 503}], "normalizedVertices": []}, "text": "\u0f0d", "confidence": 0.9967567}, {"property": {"detectedBreak": {"type": 5, "isPrefix": false}, "detectedLanguages": []}, "boundingBox": {"vertices": [{"x": 1948, "y": 382}, {"x": 1962, "y": 382}, {"x": 1965, "y": 502}, {"x": 1951, "y": 502}], "normalizedVertices": []}, "text": "\u0f0d", "confidence": 0.9966229}], "confidence": 0.9966898}], "confidence": 0.9901365}], "blockType": 1, "confidence": 0.9901365}, {"boundingBox": {"vertices": [{"x": 2809, "y": 452}, {"x": 2810, "y": 390}, {"x": 2840, "y": 390}, {"x": 2839, "y": 452}], "normalizedVertices": []}, "paragraphs": [{"boundingBox": {"vertices": [{"x": 2809, "y": 452}, {"x": 2810, "y": 390}, {"x": 2840, "y": 390}, {"x": 2839, "y": 452}], "normalizedVertices": []}, "words": [{"boundingBox": {"vertices": [{"x": 2809, "y": 452}, {"x": 2810, "y": 390}, {"x": 2840, "y": 390}, {"x": 2839, "y": 452}], "normalizedVertices": []}, "symbols": [{"boundingBox": {"vertices": [{"x": 2809, "y": 452}, {"x": 2809, "y": 434}, {"x": 2839, "y": 434}, {"x": 2839, "y": 452}], "normalizedVertices": []}, "text": "5", "confidence": 1.0}, {"boundingBox": {"vertices": [{"x": 2809, "y": 431}, {"x": 2809, "y": 413}, {"x": 2839, "y": 413}, {"x": 2839, "y": 431}], "normalizedVertices": []}, "text": "3", "confidence": 1.0}, {"property": {"detectedBreak": {"type": 5, "isPrefix": false}, "detectedLanguages": []}, "boundingBox": {"vertices": [{"x": 2809, "y": 409}, {"x": 2809, "y": 390}, {"x": 2839, "y": 390}, {"x": 2839, "y": 409}], "normalizedVertices": []}, "text": "3", "confidence": 1.0}], "confidence": 1.0}], "confidence": 1.0}], "blockType": 1, "confidence": 1.0}], "confidence": 0.99506825}], "text": "\u0f04\u0f05\u0f0d \u0f0d\u0f64\u0f7a\u0f66\u0f62\u0f56\u0f0b\u0f66\u0f99\u0f72\u0f44\u0f0b\u0f54\u0f7c\u0f0b\u0f56\u0f5e\u0f74\u0f42\u0f66\u0f0b\u0f66\u0f7c\u0f0d\u0f0d\n533"}, "faceAnnotations": [], "landmarkAnnotations": [], "logoAnnotations": [], "labelAnnotations": [], "localizedObjectAnnotations": []}