work_id,repo_name,asset_url,flag
W0TTBBC0048,OCR309,https://github.com/MonlamAI/OCR309/releases/download/v0.1/W0TTBBC0048.zip
W0TTBBC0049,OCR310,https://github.com/MonlamAI/OCR310/releases/download/v0.1/W0TTBBC0049.zip
W0TTBBC0005,OCR311,https://github.com/MonlamAI/OCR311/releases/download/v0.1/W0TTBBC0005.zip
W0TTBBC0011,OCR312,https://github.com/MonlamAI/OCR312/releases/download/v0.1/W0TTBBC0011.zip
W0TTBBC0039,OCR313,https://github.com/MonlamAI/OCR313/releases/download/v0.1/W0TTBBC0039.zip
W0TTBBC0038,OCR314,https://github.com/MonlamAI/OCR314/releases/download/v0.1/W0TTBBC0038.zip
W0TTBBC0010,OCR315,https://github.com/MonlamAI/OCR315/releases/download/v0.1/W0TTBBC0010.zip
W0TTBBC0004,OCR316,https://github.com/MonlamAI/OCR316/releases/download/v0.1/W0TTBBC0004.zip
W0TTBBC0012,OCR317,https://github.com/MonlamAI/OCR317/releases/download/v0.1/W0TTBBC0012.zip
W0TTBBC0006,OCR318,https://github.com/MonlamAI/OCR318/releases/download/v0.1/W0TTBBC0006.zip
W0TTBBC0007,OCR319,https://github.com/MonlamAI/OCR319/releases/download/v0.1/W0TTBBC0007.zip
W0TTBBC0013,OCR320,https://github.com/MonlamAI/OCR320/releases/download/v0.1/W0TTBBC0013.zip
W0TTBBC0003,OCR321,https://github.com/MonlamAI/OCR321/releases/download/v0.1/W0TTBBC0003.zip
W0TTBBC0002,OCR322,https://github.com/MonlamAI/OCR322/releases/download/v0.1/W0TTBBC0002.zip
W0TTBBC0016,OCR323,https://github.com/MonlamAI/OCR323/releases/download/v0.1/W0TTBBC0016.zip
W0TTBBC0028,OCR324,https://github.com/MonlamAI/OCR324/releases/download/v0.1/W0TTBBC0028.zip
W0TTBBC0014,OCR325,https://github.com/MonlamAI/OCR325/releases/download/v0.1/W0TTBBC0014.zip
W0TTBBC0015,OCR326,https://github.com/MonlamAI/OCR326/releases/download/v0.1/W0TTBBC0015.zip
W0TTBBC0001,OCR327,https://github.com/MonlamAI/OCR327/releases/download/v0.1/W0TTBBC0001.zip
W0TTBBC0029,OCR328,https://github.com/MonlamAI/OCR328/releases/download/v0.1/W0TTBBC0029.zip
W0TTBBC0024,OCR329,https://github.com/MonlamAI/OCR329/releases/download/v0.1/W0TTBBC0024.zip
W0TTBBC0030,OCR330,https://github.com/MonlamAI/OCR330/releases/download/v0.1/W0TTBBC0030.zip
W0TTBBC0018,OCR331,https://github.com/MonlamAI/OCR331/releases/download/v0.1/W0TTBBC0018.zip
W0TTBBC0019,OCR332,https://github.com/MonlamAI/OCR332/releases/download/v0.1/W0TTBBC0019.zip
W0TTBBC0031,OCR333,https://github.com/MonlamAI/OCR333/releases/download/v0.1/W0TTBBC0031.zip
W0TTBBC0025,OCR334,https://github.com/MonlamAI/OCR334/releases/download/v0.1/W0TTBBC0025.zip
W0TTBBC0033,OCR335,https://github.com/MonlamAI/OCR335/releases/download/v0.1/W0TTBBC0033.zip
W0TTBBC0027,OCR336,https://github.com/MonlamAI/OCR336/releases/download/v0.1/W0TTBBC0027.zip
W0TTBBC0026,OCR337,https://github.com/MonlamAI/OCR337/releases/download/v0.1/W0TTBBC0026.zip
W0TTBBC0032,OCR338,https://github.com/MonlamAI/OCR338/releases/download/v0.1/W0TTBBC0032.zip
W0TTBBC0036,OCR339,https://github.com/MonlamAI/OCR339/releases/download/v0.1/W0TTBBC0036.zip
W0TTBBC0022,OCR340,https://github.com/MonlamAI/OCR340/releases/download/v0.1/W0TTBBC0022.zip
W0TTBBC0023,OCR341,https://github.com/MonlamAI/OCR341/releases/download/v0.1/W0TTBBC0023.zip
W0TTBBC0037,OCR342,https://github.com/MonlamAI/OCR342/releases/download/v0.1/W0TTBBC0037.zip
W0TTBBC0009,OCR343,https://github.com/MonlamAI/OCR343/releases/download/v0.1/W0TTBBC0009.zip
W0TTBBC0021,OCR344,https://github.com/MonlamAI/OCR344/releases/download/v0.1/W0TTBBC0021.zip
W0TTBBC0035,OCR345,https://github.com/MonlamAI/OCR345/releases/download/v0.1/W0TTBBC0035.zip
W0TTBBC0034,OCR346,https://github.com/MonlamAI/OCR346/releases/download/v0.1/W0TTBBC0034.zip
W0TTBBC0020,OCR347,https://github.com/MonlamAI/OCR347/releases/download/v0.1/W0TTBBC0020.zip
W0TTBBC0008,OCR348,https://github.com/MonlamAI/OCR348/releases/download/v0.1/W0TTBBC0008.zip
W0TTBBC0047,OCR349,https://github.com/MonlamAI/OCR349/releases/download/v0.1/W0TTBBC0047.zip
W0TTBBC0046,OCR350,https://github.com/MonlamAI/OCR350/releases/download/v0.1/W0TTBBC0046.zip
W0TTBBC0050,OCR351,https://github.com/MonlamAI/OCR351/releases/download/v0.1/W0TTBBC0050.zip
W0TTBBC0044,OCR352,https://github.com/MonlamAI/OCR352/releases/download/v0.1/W0TTBBC0044.zip
W0TTBBC0045,OCR353,https://github.com/MonlamAI/OCR353/releases/download/v0.1/W0TTBBC0045.zip
W0TTBBC0041,OCR354,https://github.com/MonlamAI/OCR354/releases/download/v0.1/W0TTBBC0041.zip
W0TTBBC0040,OCR355,https://github.com/MonlamAI/OCR355/releases/download/v0.1/W0TTBBC0040.zip
W0TTBBC0042,OCR356,https://github.com/MonlamAI/OCR356/releases/download/v0.1/W0TTBBC0042.zip
W0TTBBC0043,OCR357,https://github.com/MonlamAI/OCR357/releases/download/v0.1/W0TTBBC0043.zip
W00KG02331,OCR358,https://github.com/MonlamAI/OCR358/releases/download/v0.1/W00KG02331.zip
W00KG02743,OCR359,https://github.com/MonlamAI/OCR359/releases/download/v0.1/W00KG02743.zip
W00KG03598,OCR360,https://github.com/MonlamAI/OCR360/releases/download/v0.1/W00KG03598.zip
W14130,OCR361,https://github.com/MonlamAI/OCR361/releases/download/v0.1/W14130.zip
W17836,OCR362,https://github.com/MonlamAI/OCR362/releases/download/v0.1/W17836.zip
W00KG02330,OCR363,https://github.com/MonlamAI/OCR363/releases/download/v0.1/W00KG02330.zip
W19997,OCR364,https://github.com/MonlamAI/OCR364/releases/download/v0.1/W19997.zip
W00KG03597,OCR365,https://github.com/MonlamAI/OCR365/releases/download/v0.1/W00KG03597.zip
W00KG07624,OCR366,https://github.com/MonlamAI/OCR366/releases/download/v0.1/W00KG07624.zip
W15232,OCR367,https://github.com/MonlamAI/OCR367/releases/download/v0.1/W15232.zip
W20146,OCR_PD1,https://github.com/MonlamAI/OCR_PD1/releases/download/v0.1/W20146.zip
W20146,OCR_PD00001,https://github.com/MonlamAI/OCR_PD00001/releases/download/v0.1/W20146.zip
W20171,OCR_PD00002,https://github.com/MonlamAI/OCR_PD00002/releases/download/v0.1/W20171.zip
W20235,OCR_PD00003,https://github.com/MonlamAI/OCR_PD00003/releases/download/v0.1/W20235.zip
W20433,OCR_PD00004,https://github.com/MonlamAI/OCR_PD00004/releases/download/v0.1/W20433.zip
W20520,OCR_PD00005,https://github.com/MonlamAI/OCR_PD00005/releases/download/v0.1/W20520.zip
W21849,OCR_PD00006,https://github.com/MonlamAI/OCR_PD00006/releases/download/v0.1/W21849.zip
W21943,OCR_PD00007,https://github.com/MonlamAI/OCR_PD00007/releases/download/v0.1/W21943.zip
W22359,OCR_PD00008,https://github.com/MonlamAI/OCR_PD00008/releases/download/v0.1/W22359.zip
W2DB5977,OCR_PD00009,https://github.com/MonlamAI/OCR_PD00009/releases/download/v0.1/W2DB5977.zip
W3CN2116,OCR_PD00010,https://github.com/MonlamAI/OCR_PD00010/releases/download/v0.1/W3CN2116.zip
W20146,OCR_LA00007,https://github.com/MonlamAI/OCR_LA00007/releases/download/v0.1/W20146.zip
W19464,OCR_LA00007,https://github.com/MonlamAI/OCR_LA00007/releases/download/v0.1/W19464.zip
W19464,OCR_LA00007,https://github.com/MonlamAI/OCR_LA00007/releases/download/v0.1/W19464.zip
W19615,OCR_LA00008,https://github.com/MonlamAI/OCR_LA00008/releases/download/v0.1/W19615.zip
W1KG22375,OCR_LA00007,https://github.com/MonlamAI/OCR_LA00007/releases/download/v0.1/W1KG22375.zip
W8LS17543,OCR_LA00008,https://github.com/MonlamAI/OCR_LA00008/releases/download/v0.1/W8LS17543.zip
W1GS56154,OCR_LA00009,https://github.com/MonlamAI/OCR_LA00009/releases/download/v0.1/W1GS56154.zip
W24168,OCR_LA01000,https://github.com/MonlamAI/OCR_LA01000/releases/download/v0.1/W24168.zip
W00EGS1016899,OCR_LA00241,https://github.com/MonlamAI/OCR_LA00241/releases/download/v0.1/W00EGS1016899.zip
W4CZ58534,OCR_LA00242,https://github.com/MonlamAI/OCR_LA00242/releases/download/v0.1/W4CZ58534.zip
W21809,OCR_LA00243,https://github.com/MonlamAI/OCR_LA00243/releases/download/v0.1/W21809.zip
W22273,OCR_LA00244,https://github.com/MonlamAI/OCR_LA00244/releases/download/v0.1/W22273.zip
W26078,OCR_LA00245,https://github.com/MonlamAI/OCR_LA00245/releases/download/v0.1/W26078.zip
W1PD181143,OCR_LA00246,https://github.com/MonlamAI/OCR_LA00246/releases/download/v0.1/W1PD181143.zip
W3PD1002,OCR_LA00247,https://github.com/MonlamAI/OCR_LA00247/releases/download/v0.1/W3PD1002.zip
W1PD152297,OCR_LA00248,https://github.com/MonlamAI/OCR_LA00248/releases/download/v0.1/W1PD152297.zip
W1KG16655,OCR_LA00249,https://github.com/MonlamAI/OCR_LA00249/releases/download/v0.1/W1KG16655.zip
W2PD17386,OCR_LA00250,https://github.com/MonlamAI/OCR_LA00250/releases/download/v0.1/W2PD17386.zip
W21807,OCR_LA00251,https://github.com/MonlamAI/OCR_LA00251/releases/download/v0.1/W21807.zip
W3916,OCR_LA00252,https://github.com/MonlamAI/OCR_LA00252/releases/download/v0.1/W3916.zip
W21727,OCR_LA00253,https://github.com/MonlamAI/OCR_LA00253/releases/download/v0.1/W21727.zip
W1KG9409,OCR_LA00254,https://github.com/MonlamAI/OCR_LA00254/releases/download/v0.1/W1KG9409.zip
W3PD188,OCR_LA00255,https://github.com/MonlamAI/OCR_LA00255/releases/download/v0.1/W3PD188.zip
W23723,OCR_LA00256,https://github.com/MonlamAI/OCR_LA00256/releases/download/v0.1/W23723.zip
W22186,OCR_LA00257,https://github.com/MonlamAI/OCR_LA00257/releases/download/v0.1/W22186.zip
W23693,OCR_LA00258,https://github.com/MonlamAI/OCR_LA00258/releases/download/v0.1/W23693.zip
W3CN3381,OCR_LA00259,https://github.com/MonlamAI/OCR_LA00259/releases/download/v0.1/W3CN3381.zip
W2PD19644,OCR_LA00260,https://github.com/MonlamAI/OCR_LA00260/releases/download/v0.1/W2PD19644.zip
W5062,OCR_LA00261,https://github.com/MonlamAI/OCR_LA00261/releases/download/v0.1/W5062.zip
W384,OCR_LA00262,https://github.com/MonlamAI/OCR_LA00262/releases/download/v0.1/W384.zip
W1AC320,OCR_LA00263,https://github.com/MonlamAI/OCR_LA00263/releases/download/v0.1/W1AC320.zip
W28732,OCR_LA00264,https://github.com/MonlamAI/OCR_LA00264/releases/download/v0.1/W28732.zip
W1KG16652,OCR_LA00265,https://github.com/MonlamAI/OCR_LA00265/releases/download/v0.1/W1KG16652.zip
W22096,OCR_LA00266,https://github.com/MonlamAI/OCR_LA00266/releases/download/v0.1/W22096.zip
W1PD76231,OCR_LA00267,https://github.com/MonlamAI/OCR_LA00267/releases/download/v0.1/W1PD76231.zip
W1KG22147,OCR_LA00268,https://github.com/MonlamAI/OCR_LA00268/releases/download/v0.1/W1KG22147.zip
W1KG14557,OCR_LA00269,https://github.com/MonlamAI/OCR_LA00269/releases/download/v0.1/W1KG14557.zip
W4CZ58530,OCR_LA00270,https://github.com/MonlamAI/OCR_LA00270/releases/download/v0.1/W4CZ58530.zip
W23681,OCR_LA00271,https://github.com/MonlamAI/OCR_LA00271/releases/download/v0.1/W23681.zip
W1PD137841,OCR_LA00272,https://github.com/MonlamAI/OCR_LA00272/releases/download/v0.1/W1PD137841.zip
23893,OCR_LA00273,https://github.com/MonlamAI/OCR_LA00273/releases/download/v0.1/W23893.zip
W3PD398,OCR_LA00274,https://github.com/MonlamAI/OCR_LA00274/releases/download/v0.1/W3PD398.zip
W22081,OCR_LA00275,https://github.com/MonlamAI/OCR_LA00275/releases/download/v0.1/W22081.zip
W4PD211,OCR_LA00276,https://github.com/MonlamAI/OCR_LA00276/releases/download/v0.1/W4PD211.zip
W13536,OCR_LA00277,https://github.com/MonlamAI/OCR_LA00277/releases/download/v0.1/W13536.zip
W29195,OCR_LA00278,https://github.com/MonlamAI/OCR_LA00278/releases/download/v0.1/W29195.zip
W9209,OCR_LA00279,https://github.com/MonlamAI/OCR_LA00279/releases/download/v0.1/W9209.zip
W3PD1100,OCR_LA00280,https://github.com/MonlamAI/OCR_LA00280/releases/download/v0.1/W3PD1100.zip
W1KG4335,OCR_LA00281,https://github.com/MonlamAI/OCR_LA00281/releases/download/v0.1/W1KG4335.zip
W1KG12048,OCR_LA00282,https://github.com/MonlamAI/OCR_LA00282/releases/download/v0.1/W1KG12048.zip
W5JW1,OCR_LA00283,https://github.com/MonlamAI/OCR_LA00283/releases/download/v0.1/W5JW1.zip
W1KG10294,OCR_LA00284,https://github.com/MonlamAI/OCR_LA00284/releases/download/v0.1/W1KG10294.zip
W4PD2081,OCR_LA00285,https://github.com/MonlamAI/OCR_LA00285/releases/download/v0.1/W4PD2081.zip
W1KG12075,OCR_LA00286,https://github.com/MonlamAI/OCR_LA00286/releases/download/v0.1/W1KG12075.zip
W30199,OCR_LA00287,https://github.com/MonlamAI/OCR_LA00287/releases/download/v0.1/W30199.zip
W2122,OCR_LA00288,https://github.com/MonlamAI/OCR_LA00288/releases/download/v0.1/W2122.zip
W28942,OCR_LA00289,https://github.com/MonlamAI/OCR_LA00289/releases/download/v0.1/W28942.zip
W23446,OCR_LA00290,https://github.com/MonlamAI/OCR_LA00290/releases/download/v0.1/W23446.zip
W1PD152291,OCR_LA00291,https://github.com/MonlamAI/OCR_LA00291/releases/download/v0.1/W1PD152291.zip
W8LS16918,OCR_LA00292,https://github.com/MonlamAI/OCR_LA00292/releases/download/v0.1/W8LS16918.zip
W2046,OCR_LA00293,https://github.com/MonlamAI/OCR_LA00293/releases/download/v0.1/W2046.zip
W1PD133161,OCR_LA00294,https://github.com/MonlamAI/OCR_LA00294/releases/download/v0.1/W1PD133161.zip
W27300,OCR_LA00295,https://github.com/MonlamAI/OCR_LA00295/releases/download/v0.1/W27300.zip
W22247,OCR_LA00296,https://github.com/MonlamAI/OCR_LA00296/releases/download/v0.1/W22247.zip
W1PD45150,OCR_LA00297,https://github.com/MonlamAI/OCR_LA00297/releases/download/v0.1/W1PD45150.zip
W1AC375,OCR_LA00298,https://github.com/MonlamAI/OCR_LA00298/releases/download/v0.1/W1AC375.zip
W4PD1180,OCR_LA00299,https://github.com/MonlamAI/OCR_LA00299/releases/download/v0.1/W4PD1180.zip
W1KG16651,OCR_LA00300,https://github.com/MonlamAI/OCR_LA00300/releases/download/v0.1/W1KG16651.zip
W29701,OCR_LA00301,https://github.com/MonlamAI/OCR_LA00301/releases/download/v0.1/W29701.zip
W1PD133163,OCR_LA00302,https://github.com/MonlamAI/OCR_LA00302/releases/download/v0.1/W1PD133163.zip
W3CN8601,OCR_LA00303,https://github.com/MonlamAI/OCR_LA00303/releases/download/v0.1/W3CN8601.zip
W22111,OCR_LA00304,https://github.com/MonlamAI/OCR_LA00304/releases/download/v0.1/W22111.zip
W1PD83960,OCR_LA00305,https://github.com/MonlamAI/OCR_LA00305/releases/download/v0.1/W1PD83960.zip
W26673,OCR_LA00306,https://github.com/MonlamAI/OCR_LA00306/releases/download/v0.1/W26673.zip
W3CN7099,OCR_LA00307,https://github.com/MonlamAI/OCR_LA00307/releases/download/v0.1/W3CN7099.zip
W4CZ74191,OCR_LA00308,https://github.com/MonlamAI/OCR_LA00308/releases/download/v0.1/W4CZ74191.zip
W2PD20252,OCR_LA00309,https://github.com/MonlamAI/OCR_LA00309/releases/download/v0.1/W2PD20252.zip
W23726,OCR_LA00310,https://github.com/MonlamAI/OCR_LA00310/releases/download/v0.1/W23726.zip
W2PD17480,OCR_LA00311,https://github.com/MonlamAI/OCR_LA00311/releases/download/v0.1/W2PD17480.zip
W2PD19431,OCR_LA00312,https://github.com/MonlamAI/OCR_LA00312/releases/download/v0.1/W2PD19431.zip
W24766,OCR_LA00313,https://github.com/MonlamAI/OCR_LA00313/releases/download/v0.1/W24766.zip
W22946,OCR_LA00314,https://github.com/MonlamAI/OCR_LA00314/releases/download/v0.1/W22946.zip
W21016,OCR_LA00315,https://github.com/MonlamAI/OCR_LA00315/releases/download/v0.1/W21016.zip
W1KG13759,OCR_LA00316,https://github.com/MonlamAI/OCR_LA00316/releases/download/v0.1/W1KG13759.zip
W1AC364,OCR_LA00317,https://github.com/MonlamAI/OCR_LA00317/releases/download/v0.1/W1AC364.zip
W23635,OCR_LA00318,https://github.com/MonlamAI/OCR_LA00318/releases/download/v0.1/W23635.zip
W1KG4876,OCR_LA00319,https://github.com/MonlamAI/OCR_LA00319/releases/download/v0.1/W1KG4876.zip
W23828,OCR_LA00320,https://github.com/MonlamAI/OCR_LA00320/releases/download/v0.1/W23828.zip
W1KG4334,OCR_LA00321,https://github.com/MonlamAI/OCR_LA00321/releases/download/v0.1/W1KG4334.zip
W1PD137800,OCR_LA00322,https://github.com/MonlamAI/OCR_LA00322/releases/download/v0.1/W1PD137800.zip
W00EGS1016299,OCR_LA00323,https://github.com/MonlamAI/OCR_LA00323/releases/download/v0.1/W00EGS1016299.zip
W4PD2021,OCR_LA00324,https://github.com/MonlamAI/OCR_LA00324/releases/download/v0.1/W4PD2021.zip
W00EGS1017426,OCR_LA00325,https://github.com/MonlamAI/OCR_LA00325/releases/download/v0.1/W00EGS1017426.zip
W1KG4769,OCR_LA00326,https://github.com/MonlamAI/OCR_LA00326/releases/download/v0.1/W1KG4769.zip
W1KG14505,OCR_LA00327,https://github.com/MonlamAI/OCR_LA00327/releases/download/v0.1/W1KG14505.zip
W8LS17463,OCR_LA00328,https://github.com/MonlamAI/OCR_LA00328/releases/download/v0.1/W8LS17463.zip
W1AC374,OCR_LA00329,https://github.com/MonlamAI/OCR_LA00329/releases/download/v0.1/W1AC374.zip
W3CN471,OCR_LA00330,https://github.com/MonlamAI/OCR_LA00330/releases/download/v0.1/W3CN471.zip
W16936,OCR_LA00331,https://github.com/MonlamAI/OCR_LA00331/releases/download/v0.1/W16936.zip
W3CN7776,OCR_LA00332,https://github.com/MonlamAI/OCR_LA00332/releases/download/v0.1/W3CN7776.zip
W29630,OCR_LA00333,https://github.com/MonlamAI/OCR_LA00333/releases/download/v0.1/W29630.zip
W3CN3417,OCR_LA00334,https://github.com/MonlamAI/OCR_LA00334/releases/download/v0.1/W3CN3417.zip
W24769,OCR_LA00335,https://github.com/MonlamAI/OCR_LA00335/releases/download/v0.1/W24769.zip
W4PD759,OCR_LA00336,https://github.com/MonlamAI/OCR_LA00336/releases/download/v0.1/W4PD759.zip
W23556,OCR_LA00337,https://github.com/MonlamAI/OCR_LA00337/releases/download/v0.1/W23556.zip
W3CN3118,OCR_LA00338,https://github.com/MonlamAI/OCR_LA00338/releases/download/v0.1/W3CN3118.zip
W29035,OCR_LA00339,https://github.com/MonlamAI/OCR_LA00339/releases/download/v0.1/W29035.zip
W20820,OCR_LA00340,https://github.com/MonlamAI/OCR_LA00340/releases/download/v0.1/W20820.zip
W14592,OCR_LA00341,https://github.com/MonlamAI/OCR_LA00341/releases/download/v0.1/W14592.zip
W3CN21836,OCR_LA00342,https://github.com/MonlamAI/OCR_LA00342/releases/download/v0.1/W3CN21836.zip
W4CZ34105,OCR_LA00343,https://github.com/MonlamAI/OCR_LA00343/releases/download/v0.1/W4CZ34105.zip
W8684,OCR_LA00344,https://github.com/MonlamAI/OCR_LA00344/releases/download/v0.1/W8684.zip
W00KG02390,OCR_LA00345,https://github.com/MonlamAI/OCR_LA00345/releases/download/v0.1/W00KG02390.zip
W1PD2074,OCR_LA00346,https://github.com/MonlamAI/OCR_LA00346/releases/download/v0.1/W1PD2074.zip
W1KG3399,OCR_LA00347,https://github.com/MonlamAI/OCR_LA00347/releases/download/v0.1/W1KG3399.zip
W1KG10720,OCR_LA00348,https://github.com/MonlamAI/OCR_LA00348/releases/download/v0.1/W1KG10720.zip
W1PD159529,OCR_LA00349,https://github.com/MonlamAI/OCR_LA00349/releases/download/v0.1/W1PD159529.zip
W2PD19446,OCR_LA00350,https://github.com/MonlamAI/OCR_LA00350/releases/download/v0.1/W2PD19446.zip
W5926,OCR_LA00351,https://github.com/MonlamAI/OCR_LA00351/releases/download/v0.1/W5926.zip
W3CN3328,OCR_LA00352,https://github.com/MonlamAI/OCR_LA00352/releases/download/v0.1/W3CN3328.zip
W23471,OCR_LA00353,https://github.com/MonlamAI/OCR_LA00353/releases/download/v0.1/W23471.zip
W10347,OCR_LA00354,https://github.com/MonlamAI/OCR_LA00354/releases/download/v0.1/W10347.zip
W4CZ62374,OCR_LA00355,https://github.com/MonlamAI/OCR_LA00355/releases/download/v0.1/W4CZ62374.zip
W1PD107142,OCR_LA00356,https://github.com/MonlamAI/OCR_LA00356/releases/download/v0.1/W1PD107142.zip
W1KG2733,OCR_LA00357,https://github.com/MonlamAI/OCR_LA00357/releases/download/v0.1/W1KG2733.zip
W22203,OCR_LA00358,https://github.com/MonlamAI/OCR_LA00358/releases/download/v0.1/W22203.zip
W23908,OCR_LA00359,https://github.com/MonlamAI/OCR_LA00359/releases/download/v0.1/W23908.zip
W23685,OCR_LA00360,https://github.com/MonlamAI/OCR_LA00360/releases/download/v0.1/W23685.zip
W1AC242,OCR_LA00361,https://github.com/MonlamAI/OCR_LA00361/releases/download/v0.1/W1AC242.zip
W1KG22609,OCR_LA00362,https://github.com/MonlamAI/OCR_LA00362/releases/download/v0.1/W1KG22609.zip
W1PD137884,OCR_LA00363,https://github.com/MonlamAI/OCR_LA00363/releases/download/v0.1/W1PD137884.zip
W8LS17841,OCR_LA00364,https://github.com/MonlamAI/OCR_LA00364/releases/download/v0.1/W8LS17841.zip
W2CZ7955,OCR_LA00365,https://github.com/MonlamAI/OCR_LA00365/releases/download/v0.1/W2CZ7955.zip
W23860,OCR_LA00366,https://github.com/MonlamAI/OCR_LA00366/releases/download/v0.1/W23860.zip
W3CN7829,OCR_LA00367,https://github.com/MonlamAI/OCR_LA00367/releases/download/v0.1/W3CN7829.zip
W25815,OCR_LA00368,https://github.com/MonlamAI/OCR_LA00368/releases/download/v0.1/W25815.zip
W28845,OCR_LA00369,https://github.com/MonlamAI/OCR_LA00369/releases/download/v0.1/W28845.zip
W3CN3026,OCR_LA00370,https://github.com/MonlamAI/OCR_LA00370/releases/download/v0.1/W3CN3026.zip
W1AC16,OCR_LA00371,https://github.com/MonlamAI/OCR_LA00371/releases/download/v0.1/W1AC16.zip
W1KG5705,OCR_LA00372,https://github.com/MonlamAI/OCR_LA00372/releases/download/v0.1/W1KG5705.zip
W25007,OCR_LA00373,https://github.com/MonlamAI/OCR_LA00373/releases/download/v0.1/W25007.zip
W00EGS1017093,OCR_LA00374,https://github.com/MonlamAI/OCR_LA00374/releases/download/v0.1/W00EGS1017093.zip
W1KG8900,OCR_LA00375,https://github.com/MonlamAI/OCR_LA00375/releases/download/v0.1/W1KG8900.zip
W3CN3414,OCR_LA00376,https://github.com/MonlamAI/OCR_LA00376/releases/download/v0.1/W3CN3414.zip
W4CZ58512,OCR_LA00377,https://github.com/MonlamAI/OCR_LA00377/releases/download/v0.1/W4CZ58512.zip
W3CN7719,OCR_LA00378,https://github.com/MonlamAI/OCR_LA00378/releases/download/v0.1/W3CN7719.zip
W23648,OCR_LA00379,https://github.com/MonlamAI/OCR_LA00379/releases/download/v0.1/W23648.zip
W1KG3655,OCR_LA00380,https://github.com/MonlamAI/OCR_LA00380/releases/download/v0.1/W1KG3655.zip
W1KG16581,OCR_LA00381,https://github.com/MonlamAI/OCR_LA00381/releases/download/v0.1/W1KG16581.zip
W3CN5823,OCR_LA00382,https://github.com/MonlamAI/OCR_LA00382/releases/download/v0.1/W3CN5823.zip
W1KG4912,OCR_LA00383,https://github.com/MonlamAI/OCR_LA00383/releases/download/v0.1/W1KG4912.zip
W29157,OCR_LA00384,https://github.com/MonlamAI/OCR_LA00384/releases/download/v0.1/W29157.zip
W19223,OCR_LA00385,https://github.com/MonlamAI/OCR_LA00385/releases/download/v0.1/W19223.zip
W4CZ65025,OCR_LA00386,https://github.com/MonlamAI/OCR_LA00386/releases/download/v0.1/W4CZ65025.zip
W1174,OCR_LA00387,https://github.com/MonlamAI/OCR_LA00387/releases/download/v0.1/W1174.zip
W2PD17467,OCR_LA00388,https://github.com/MonlamAI/OCR_LA00388/releases/download/v0.1/W2PD17467.zip
W29329,OCR_LA00389,https://github.com/MonlamAI/OCR_LA00389/releases/download/v0.1/W29329.zip
W2DB4577,OCR_LA00390,https://github.com/MonlamAI/OCR_LA00390/releases/download/v0.1/W2DB4577.zip
W10305,OCR_LA00391,https://github.com/MonlamAI/OCR_LA00391/releases/download/v0.1/W10305.zip
W3CN7534,OCR_LA00392,https://github.com/MonlamAI/OCR_LA00392/releases/download/v0.1/W3CN7534.zip
W1KG23267,OCR_LA00393,https://github.com/MonlamAI/OCR_LA00393/releases/download/v0.1/W1KG23267.zip
W1KG4313,OCR_LA00394,https://github.com/MonlamAI/OCR_LA00394/releases/download/v0.1/W1KG4313.zip,Modern Print Books
W2PD17457,OCR_LA00395,https://github.com/MonlamAI/OCR_LA00395/releases/download/v0.1/W2PD17457.zip,Modern Print Books
W3CN3207,OCR_LA00396,https://github.com/MonlamAI/OCR_LA00396/releases/download/v0.1/W3CN3207.zip,Modern Print Books
W2PD14777,OCR_LA00397,https://github.com/MonlamAI/OCR_LA00397/releases/download/v0.1/W2PD14777.zip,Modern Print Books
